[{"model": "auth.permission", "pk": 1, "fields": {"name": "Can add log entry", "content_type": 1, "codename": "add_logentry"}}, {"model": "auth.permission", "pk": 2, "fields": {"name": "Can change log entry", "content_type": 1, "codename": "change_logentry"}}, {"model": "auth.permission", "pk": 3, "fields": {"name": "Can delete log entry", "content_type": 1, "codename": "delete_logentry"}}, {"model": "auth.permission", "pk": 4, "fields": {"name": "Can view log entry", "content_type": 1, "codename": "view_logentry"}}, {"model": "auth.permission", "pk": 5, "fields": {"name": "Can add permission", "content_type": 2, "codename": "add_permission"}}, {"model": "auth.permission", "pk": 6, "fields": {"name": "Can change permission", "content_type": 2, "codename": "change_permission"}}, {"model": "auth.permission", "pk": 7, "fields": {"name": "Can delete permission", "content_type": 2, "codename": "delete_permission"}}, {"model": "auth.permission", "pk": 8, "fields": {"name": "Can view permission", "content_type": 2, "codename": "view_permission"}}, {"model": "auth.permission", "pk": 9, "fields": {"name": "Can add group", "content_type": 3, "codename": "add_group"}}, {"model": "auth.permission", "pk": 10, "fields": {"name": "Can change group", "content_type": 3, "codename": "change_group"}}, {"model": "auth.permission", "pk": 11, "fields": {"name": "Can delete group", "content_type": 3, "codename": "delete_group"}}, {"model": "auth.permission", "pk": 12, "fields": {"name": "Can view group", "content_type": 3, "codename": "view_group"}}, {"model": "auth.permission", "pk": 13, "fields": {"name": "Can add content type", "content_type": 4, "codename": "add_contenttype"}}, {"model": "auth.permission", "pk": 14, "fields": {"name": "Can change content type", "content_type": 4, "codename": "change_contenttype"}}, {"model": "auth.permission", "pk": 15, "fields": {"name": "Can delete content type", "content_type": 4, "codename": "delete_contenttype"}}, {"model": "auth.permission", "pk": 16, "fields": {"name": "Can view content type", "content_type": 4, "codename": "view_contenttype"}}, {"model": "auth.permission", "pk": 17, "fields": {"name": "Can add session", "content_type": 5, "codename": "add_session"}}, {"model": "auth.permission", "pk": 18, "fields": {"name": "Can change session", "content_type": 5, "codename": "change_session"}}, {"model": "auth.permission", "pk": 19, "fields": {"name": "Can delete session", "content_type": 5, "codename": "delete_session"}}, {"model": "auth.permission", "pk": 20, "fields": {"name": "Can view session", "content_type": 5, "codename": "view_session"}}, {"model": "auth.permission", "pk": 21, "fields": {"name": "Can add Token", "content_type": 6, "codename": "add_token"}}, {"model": "auth.permission", "pk": 22, "fields": {"name": "Can change Token", "content_type": 6, "codename": "change_token"}}, {"model": "auth.permission", "pk": 23, "fields": {"name": "Can delete Token", "content_type": 6, "codename": "delete_token"}}, {"model": "auth.permission", "pk": 24, "fields": {"name": "Can view Token", "content_type": 6, "codename": "view_token"}}, {"model": "auth.permission", "pk": 25, "fields": {"name": "Can add token", "content_type": 7, "codename": "add_tokenproxy"}}, {"model": "auth.permission", "pk": 26, "fields": {"name": "Can change token", "content_type": 7, "codename": "change_tokenproxy"}}, {"model": "auth.permission", "pk": 27, "fields": {"name": "Can delete token", "content_type": 7, "codename": "delete_tokenproxy"}}, {"model": "auth.permission", "pk": 28, "fields": {"name": "Can view token", "content_type": 7, "codename": "view_tokenproxy"}}, {"model": "auth.permission", "pk": 29, "fields": {"name": "Can add user", "content_type": 8, "codename": "add_customabstractuser"}}, {"model": "auth.permission", "pk": 30, "fields": {"name": "Can change user", "content_type": 8, "codename": "change_customabstractuser"}}, {"model": "auth.permission", "pk": 31, "fields": {"name": "Can delete user", "content_type": 8, "codename": "delete_customabstractuser"}}, {"model": "auth.permission", "pk": 32, "fields": {"name": "Can view user", "content_type": 8, "codename": "view_customabstractuser"}}, {"model": "auth.permission", "pk": 33, "fields": {"name": "Can add Корзина", "content_type": 9, "codename": "add_basket"}}, {"model": "auth.permission", "pk": 34, "fields": {"name": "Can change Корзина", "content_type": 9, "codename": "change_basket"}}, {"model": "auth.permission", "pk": 35, "fields": {"name": "Can delete Корзина", "content_type": 9, "codename": "delete_basket"}}, {"model": "auth.permission", "pk": 36, "fields": {"name": "Can view Корзина", "content_type": 9, "codename": "view_basket"}}, {"model": "auth.permission", "pk": 37, "fields": {"name": "Can add Способ доставки", "content_type": 10, "codename": "add_deliverymethod"}}, {"model": "auth.permission", "pk": 38, "fields": {"name": "Can change Способ доставки", "content_type": 10, "codename": "change_deliverymethod"}}, {"model": "auth.permission", "pk": 39, "fields": {"name": "Can delete Способ доставки", "content_type": 10, "codename": "delete_deliverymethod"}}, {"model": "auth.permission", "pk": 40, "fields": {"name": "Can view Способ доставки", "content_type": 10, "codename": "view_deliverymethod"}}, {"model": "auth.permission", "pk": 41, "fields": {"name": "Can add Категория", "content_type": 11, "codename": "add_goodcategory"}}, {"model": "auth.permission", "pk": 42, "fields": {"name": "Can change Категория", "content_type": 11, "codename": "change_goodcategory"}}, {"model": "auth.permission", "pk": 43, "fields": {"name": "Can delete Категория", "content_type": 11, "codename": "delete_goodcategory"}}, {"model": "auth.permission", "pk": 44, "fields": {"name": "Can view Категория", "content_type": 11, "codename": "view_goodcategory"}}, {"model": "auth.permission", "pk": 45, "fields": {"name": "Can add Способ оплаты", "content_type": 12, "codename": "add_paymentmethod"}}, {"model": "auth.permission", "pk": 46, "fields": {"name": "Can change Способ оплаты", "content_type": 12, "codename": "change_paymentmethod"}}, {"model": "auth.permission", "pk": 47, "fields": {"name": "Can delete Способ оплаты", "content_type": 12, "codename": "delete_paymentmethod"}}, {"model": "auth.permission", "pk": 48, "fields": {"name": "Can view Способ оплаты", "content_type": 12, "codename": "view_paymentmethod"}}, {"model": "auth.permission", "pk": 49, "fields": {"name": "Can add Транзакция", "content_type": 13, "codename": "add_transaction"}}, {"model": "auth.permission", "pk": 50, "fields": {"name": "Can change Транзакция", "content_type": 13, "codename": "change_transaction"}}, {"model": "auth.permission", "pk": 51, "fields": {"name": "Can delete Транзакция", "content_type": 13, "codename": "delete_transaction"}}, {"model": "auth.permission", "pk": 52, "fields": {"name": "Can view Транзакция", "content_type": 13, "codename": "view_transaction"}}, {"model": "auth.permission", "pk": 53, "fields": {"name": "Can add Получатель", "content_type": 14, "codename": "add_recipent"}}, {"model": "auth.permission", "pk": 54, "fields": {"name": "Can change Получатель", "content_type": 14, "codename": "change_recipent"}}, {"model": "auth.permission", "pk": 55, "fields": {"name": "Can delete Получатель", "content_type": 14, "codename": "delete_recipent"}}, {"model": "auth.permission", "pk": 56, "fields": {"name": "Can view Получатель", "content_type": 14, "codename": "view_recipent"}}, {"model": "auth.permission", "pk": 57, "fields": {"name": "Can add Товар", "content_type": 15, "codename": "add_gooditem"}}, {"model": "auth.permission", "pk": 58, "fields": {"name": "Can change Товар", "content_type": 15, "codename": "change_gooditem"}}, {"model": "auth.permission", "pk": 59, "fields": {"name": "Can delete Товар", "content_type": 15, "codename": "delete_gooditem"}}, {"model": "auth.permission", "pk": 60, "fields": {"name": "Can view Товар", "content_type": 15, "codename": "view_gooditem"}}, {"model": "auth.permission", "pk": 61, "fields": {"name": "Can add Товар в корзине", "content_type": 16, "codename": "add_basketitem"}}, {"model": "auth.permission", "pk": 62, "fields": {"name": "Can change Товар в корзине", "content_type": 16, "codename": "change_basketitem"}}, {"model": "auth.permission", "pk": 63, "fields": {"name": "Can delete Товар в корзине", "content_type": 16, "codename": "delete_basketitem"}}, {"model": "auth.permission", "pk": 64, "fields": {"name": "Can view Товар в корзине", "content_type": 16, "codename": "view_basketitem"}}, {"model": "auth.permission", "pk": 65, "fields": {"name": "Can add comment", "content_type": 17, "codename": "add_comment"}}, {"model": "auth.permission", "pk": 66, "fields": {"name": "Can change comment", "content_type": 17, "codename": "change_comment"}}, {"model": "auth.permission", "pk": 67, "fields": {"name": "Can delete comment", "content_type": 17, "codename": "delete_comment"}}, {"model": "auth.permission", "pk": 68, "fields": {"name": "Can view comment", "content_type": 17, "codename": "view_comment"}}, {"model": "auth.permission", "pk": 69, "fields": {"name": "Can add comment reply", "content_type": 18, "codename": "add_commentreply"}}, {"model": "auth.permission", "pk": 70, "fields": {"name": "Can change comment reply", "content_type": 18, "codename": "change_commentreply"}}, {"model": "auth.permission", "pk": 71, "fields": {"name": "Can delete comment reply", "content_type": 18, "codename": "delete_commentreply"}}, {"model": "auth.permission", "pk": 72, "fields": {"name": "Can view comment reply", "content_type": 18, "codename": "view_commentreply"}}, {"model": "auth.permission", "pk": 73, "fields": {"name": "Can add item media", "content_type": 19, "codename": "add_itemmedia"}}, {"model": "auth.permission", "pk": 74, "fields": {"name": "Can change item media", "content_type": 19, "codename": "change_itemmedia"}}, {"model": "auth.permission", "pk": 75, "fields": {"name": "Can delete item media", "content_type": 19, "codename": "delete_itemmedia"}}, {"model": "auth.permission", "pk": 76, "fields": {"name": "Can view item media", "content_type": 19, "codename": "view_itemmedia"}}, {"model": "auth.permission", "pk": 77, "fields": {"name": "Can add message", "content_type": 20, "codename": "add_message"}}, {"model": "auth.permission", "pk": 78, "fields": {"name": "Can change message", "content_type": 20, "codename": "change_message"}}, {"model": "auth.permission", "pk": 79, "fields": {"name": "Can delete message", "content_type": 20, "codename": "delete_message"}}, {"model": "auth.permission", "pk": 80, "fields": {"name": "Can view message", "content_type": 20, "codename": "view_message"}}, {"model": "auth.permission", "pk": 81, "fields": {"name": "Can add notification", "content_type": 21, "codename": "add_notification"}}, {"model": "auth.permission", "pk": 82, "fields": {"name": "Can change notification", "content_type": 21, "codename": "change_notification"}}, {"model": "auth.permission", "pk": 83, "fields": {"name": "Can delete notification", "content_type": 21, "codename": "delete_notification"}}, {"model": "auth.permission", "pk": 84, "fields": {"name": "Can view notification", "content_type": 21, "codename": "view_notification"}}, {"model": "auth.permission", "pk": 85, "fields": {"name": "Can add Счет", "content_type": 22, "codename": "add_order"}}, {"model": "auth.permission", "pk": 86, "fields": {"name": "Can change Счет", "content_type": 22, "codename": "change_order"}}, {"model": "auth.permission", "pk": 87, "fields": {"name": "Can delete Счет", "content_type": 22, "codename": "delete_order"}}, {"model": "auth.permission", "pk": 88, "fields": {"name": "Can view Счет", "content_type": 22, "codename": "view_order"}}, {"model": "auth.permission", "pk": 89, "fields": {"name": "Can add characteristics", "content_type": 23, "codename": "add_characteristics"}}, {"model": "auth.permission", "pk": 90, "fields": {"name": "Can change characteristics", "content_type": 23, "codename": "change_characteristics"}}, {"model": "auth.permission", "pk": 91, "fields": {"name": "Can delete characteristics", "content_type": 23, "codename": "delete_characteristics"}}, {"model": "auth.permission", "pk": 92, "fields": {"name": "Can view characteristics", "content_type": 23, "codename": "view_characteristics"}}, {"model": "auth.permission", "pk": 93, "fields": {"name": "Can add item characteristic", "content_type": 24, "codename": "add_itemcharacteristic"}}, {"model": "auth.permission", "pk": 94, "fields": {"name": "Can change item characteristic", "content_type": 24, "codename": "change_itemcharacteristic"}}, {"model": "auth.permission", "pk": 95, "fields": {"name": "Can delete item characteristic", "content_type": 24, "codename": "delete_itemcharacteristic"}}, {"model": "auth.permission", "pk": 96, "fields": {"name": "Can view item characteristic", "content_type": 24, "codename": "view_itemcharacteristic"}}, {"model": "auth.permission", "pk": 97, "fields": {"name": "Can add like", "content_type": 25, "codename": "add_like"}}, {"model": "auth.permission", "pk": 98, "fields": {"name": "Can change like", "content_type": 25, "codename": "change_like"}}, {"model": "auth.permission", "pk": 99, "fields": {"name": "Can delete like", "content_type": 25, "codename": "delete_like"}}, {"model": "auth.permission", "pk": 100, "fields": {"name": "Can view like", "content_type": 25, "codename": "view_like"}}, {"model": "auth.permission", "pk": 101, "fields": {"name": "Can add market", "content_type": 26, "codename": "add_market"}}, {"model": "auth.permission", "pk": 102, "fields": {"name": "Can change market", "content_type": 26, "codename": "change_market"}}, {"model": "auth.permission", "pk": 103, "fields": {"name": "Can delete market", "content_type": 26, "codename": "delete_market"}}, {"model": "auth.permission", "pk": 104, "fields": {"name": "Can view market", "content_type": 26, "codename": "view_market"}}, {"model": "auth.permission", "pk": 105, "fields": {"name": "Can add characteristics category", "content_type": 27, "codename": "add_characteristicscategory"}}, {"model": "auth.permission", "pk": 106, "fields": {"name": "Can change characteristics category", "content_type": 27, "codename": "change_characteristicscategory"}}, {"model": "auth.permission", "pk": 107, "fields": {"name": "Can delete characteristics category", "content_type": 27, "codename": "delete_characteristicscategory"}}, {"model": "auth.permission", "pk": 108, "fields": {"name": "Can view characteristics category", "content_type": 27, "codename": "view_characteristicscategory"}}, {"model": "auth.permission", "pk": 109, "fields": {"name": "Can add refund", "content_type": 28, "codename": "add_refund"}}, {"model": "auth.permission", "pk": 110, "fields": {"name": "Can change refund", "content_type": 28, "codename": "change_refund"}}, {"model": "auth.permission", "pk": 111, "fields": {"name": "Can delete refund", "content_type": 28, "codename": "delete_refund"}}, {"model": "auth.permission", "pk": 112, "fields": {"name": "Can view refund", "content_type": 28, "codename": "view_refund"}}, {"model": "auth.permission", "pk": 113, "fields": {"name": "Can add comment media", "content_type": 29, "codename": "add_commentmedia"}}, {"model": "auth.permission", "pk": 114, "fields": {"name": "Can change comment media", "content_type": 29, "codename": "change_commentmedia"}}, {"model": "auth.permission", "pk": 115, "fields": {"name": "Can delete comment media", "content_type": 29, "codename": "delete_commentmedia"}}, {"model": "auth.permission", "pk": 116, "fields": {"name": "Can view comment media", "content_type": 29, "codename": "view_commentmedia"}}, {"model": "contenttypes.contenttype", "pk": 1, "fields": {"app_label": "admin", "model": "logentry"}}, {"model": "contenttypes.contenttype", "pk": 2, "fields": {"app_label": "auth", "model": "permission"}}, {"model": "contenttypes.contenttype", "pk": 3, "fields": {"app_label": "auth", "model": "group"}}, {"model": "contenttypes.contenttype", "pk": 4, "fields": {"app_label": "contenttypes", "model": "contenttype"}}, {"model": "contenttypes.contenttype", "pk": 5, "fields": {"app_label": "sessions", "model": "session"}}, {"model": "contenttypes.contenttype", "pk": 6, "fields": {"app_label": "authtoken", "model": "token"}}, {"model": "contenttypes.contenttype", "pk": 7, "fields": {"app_label": "authtoken", "model": "tokenproxy"}}, {"model": "contenttypes.contenttype", "pk": 8, "fields": {"app_label": "users", "model": "customabstractuser"}}, {"model": "contenttypes.contenttype", "pk": 9, "fields": {"app_label": "api", "model": "basket"}}, {"model": "contenttypes.contenttype", "pk": 10, "fields": {"app_label": "api", "model": "deliverymethod"}}, {"model": "contenttypes.contenttype", "pk": 11, "fields": {"app_label": "api", "model": "goodcategory"}}, {"model": "contenttypes.contenttype", "pk": 12, "fields": {"app_label": "api", "model": "paymentmethod"}}, {"model": "contenttypes.contenttype", "pk": 13, "fields": {"app_label": "api", "model": "transaction"}}, {"model": "contenttypes.contenttype", "pk": 14, "fields": {"app_label": "api", "model": "recipent"}}, {"model": "contenttypes.contenttype", "pk": 15, "fields": {"app_label": "api", "model": "gooditem"}}, {"model": "contenttypes.contenttype", "pk": 16, "fields": {"app_label": "api", "model": "basketitem"}}, {"model": "contenttypes.contenttype", "pk": 17, "fields": {"app_label": "api", "model": "comment"}}, {"model": "contenttypes.contenttype", "pk": 18, "fields": {"app_label": "api", "model": "commentreply"}}, {"model": "contenttypes.contenttype", "pk": 19, "fields": {"app_label": "api", "model": "itemmedia"}}, {"model": "contenttypes.contenttype", "pk": 20, "fields": {"app_label": "api", "model": "message"}}, {"model": "contenttypes.contenttype", "pk": 21, "fields": {"app_label": "api", "model": "notification"}}, {"model": "contenttypes.contenttype", "pk": 22, "fields": {"app_label": "api", "model": "order"}}, {"model": "contenttypes.contenttype", "pk": 23, "fields": {"app_label": "api", "model": "characteristics"}}, {"model": "contenttypes.contenttype", "pk": 24, "fields": {"app_label": "api", "model": "itemcharacteristic"}}, {"model": "contenttypes.contenttype", "pk": 25, "fields": {"app_label": "api", "model": "like"}}, {"model": "contenttypes.contenttype", "pk": 26, "fields": {"app_label": "api", "model": "market"}}, {"model": "contenttypes.contenttype", "pk": 27, "fields": {"app_label": "api", "model": "characteristicscategory"}}, {"model": "contenttypes.contenttype", "pk": 28, "fields": {"app_label": "api", "model": "refund"}}, {"model": "contenttypes.contenttype", "pk": 29, "fields": {"app_label": "api", "model": "commentmedia"}}, {"model": "authtoken.token", "pk": "051e8823c1def4984c1da91930d5e4ab67a94f4a", "fields": {"user": 2, "created": "2025-05-06T11:18:08.290Z"}}, {"model": "authtoken.token", "pk": "0aff22ed927d1f2e2bd5ca2363aaffcde5888254", "fields": {"user": 6, "created": "2025-05-17T13:03:56.510Z"}}, {"model": "authtoken.token", "pk": "0f069964e367e18cae1f2b05f5bee0cabd05cee1", "fields": {"user": 3, "created": "2025-05-14T07:58:29.942Z"}}, {"model": "authtoken.token", "pk": "68ee87dee54fe91f3f785177bb1189173e6c697c", "fields": {"user": 4, "created": "2025-05-18T13:27:37.144Z"}}, {"model": "authtoken.token", "pk": "85defefd015cff0cba34e49cac9b13d47e8ced22", "fields": {"user": 1, "created": "2025-05-06T10:24:29.421Z"}}, {"model": "authtoken.token", "pk": "dd4885c41f7b6c50636ba19f5af3d4d05c2cb9d3", "fields": {"user": 5, "created": "2025-05-15T08:47:07.024Z"}}, {"model": "users.customabstractuser", "pk": 1, "fields": {"first_name": "Полина", "last_name": "", "is_active": true, "user_type": "Продавец", "email": "polyakrupina@gmail.com", "otp": null, "sex": "FEMALE", "avatar": "", "otp_expires": null, "groups": [], "user_permissions": []}}, {"model": "users.customabstractuser", "pk": 2, "fields": {"first_name": "Полина", "last_name": "Крупина", "is_active": true, "user_type": "Администратор", "email": "polykrupina@gmail.com", "otp": null, "sex": "FEMALE", "avatar": "", "otp_expires": null, "groups": [], "user_permissions": []}}, {"model": "users.customabstractuser", "pk": 3, "fields": {"first_name": "", "last_name": "", "is_active": true, "user_type": "Администратор", "email": "example@ex.cm", "otp": null, "sex": null, "avatar": "avatars/fotka.jpg", "otp_expires": null, "groups": [], "user_permissions": []}}, {"model": "users.customabstractuser", "pk": 4, "fields": {"first_name": "string", "last_name": "string", "is_active": true, "user_type": "Покупатель", "email": "user@example.com", "otp": "209539", "sex": "MALE", "avatar": "", "otp_expires": "2025-05-19T11:46:18.282Z", "groups": [], "user_permissions": []}}, {"model": "users.customabstractuser", "pk": 5, "fields": {"first_name": "", "last_name": "", "is_active": true, "user_type": "Продавец", "email": "seller@example.com", "otp": null, "sex": null, "avatar": "", "otp_expires": null, "groups": [], "user_permissions": []}}, {"model": "users.customabstractuser", "pk": 6, "fields": {"first_name": "Полина", "last_name": "", "is_active": true, "user_type": "Покупатель", "email": "polyakrupina136@yandex.ru", "otp": null, "sex": "FEMALE", "avatar": "", "otp_expires": null, "groups": [], "user_permissions": []}}, {"model": "api.goodcategory", "pk": 1, "fields": {"title": "Одежда и обувь", "description": "string", "parent": null}}, {"model": "api.goodcategory", "pk": 2, "fields": {"title": "Электроника и гаджеты", "description": "string", "parent": null}}, {"model": "api.goodcategory", "pk": 3, "fields": {"title": "Дом и сад", "description": "string", "parent": null}}, {"model": "api.goodcategory", "pk": 4, "fields": {"title": "Здоровье", "description": "string", "parent": null}}, {"model": "api.goodcategory", "pk": 5, "fields": {"title": "Спорт и активный отдых", "description": "string", "parent": null}}, {"model": "api.goodcategory", "pk": 6, "fields": {"title": "Товары для животных", "description": "string", "parent": null}}, {"model": "api.goodcategory", "pk": 7, "fields": {"title": "Детские товары", "description": "string", "parent": null}}, {"model": "api.goodcategory", "pk": 8, "fields": {"title": "Канцтовары и книги", "description": "string", "parent": null}}, {"model": "api.goodcategory", "pk": 9, "fields": {"title": "Товары для праздников и подарки", "description": "string", "parent": null}}, {"model": "api.goodcategory", "pk": 10, "fields": {"title": "Игрушки и хобби", "description": "string", "parent": null}}, {"model": "api.goodcategory", "pk": 11, "fields": {"title": "Ювелирные изделия и аксессуары", "description": "string", "parent": null}}, {"model": "api.goodcategory", "pk": 12, "fields": {"title": "Мебель", "description": "string", "parent": null}}, {"model": "api.goodcategory", "pk": 36, "fields": {"title": "Товары для гейминга", "description": "string", "parent": null}}, {"model": "api.goodcategory", "pk": 37, "fields": {"title": "Канцелярия", "description": "string", "parent": null}}, {"model": "api.goodcategory", "pk": 69, "fields": {"title": "Смартфоны и аксессуары", "description": "string", "parent": 2}}, {"model": "api.goodcategory", "pk": 102, "fields": {"title": "Смартфоны (iPhone, Samsung, Xiaomi)", "description": "string", "parent": 69}}, {"model": "api.goodcategory", "pk": 135, "fields": {"title": "Чехлы и плёнки", "description": "string", "parent": 69}}, {"model": "api.goodcategory", "pk": 136, "fields": {"title": "Зарядные устройства", "description": "string", "parent": 69}}, {"model": "api.goodcategory", "pk": 137, "fields": {"title": "Power Bank", "description": "string", "parent": 69}}, {"model": "api.goodcategory", "pk": 138, "fields": {"title": "Наушники (проводные и Bluetooth)", "description": "string", "parent": 69}}, {"model": "api.goodcategory", "pk": 139, "fields": {"title": "Электроника для авто", "description": "string", "parent": 2}}, {"model": "api.goodcategory", "pk": 140, "fields": {"title": "Носимая электроника", "description": "string", "parent": 2}}, {"model": "api.goodcategory", "pk": 141, "fields": {"title": "Игровая электроника", "description": "string", "parent": 2}}, {"model": "api.goodcategory", "pk": 142, "fields": {"title": "Умный дом и безопасность", "description": "string", "parent": 2}}, {"model": "api.goodcategory", "pk": 143, "fields": {"title": "Фото и видеотехника", "description": "string", "parent": 2}}, {"model": "api.goodcategory", "pk": 144, "fields": {"title": "Видеорегистраторы", "description": "string", "parent": 139}}, {"model": "api.goodcategory", "pk": 145, "fields": {"title": "Автомагнитолы", "description": "string", "parent": 139}}, {"model": "api.goodcategory", "pk": 146, "fields": {"title": "Парктроники", "description": "string", "parent": 139}}, {"model": "api.goodcategory", "pk": 147, "fields": {"title": "Зарядки в прикуриватель", "description": "string", "parent": 139}}, {"model": "api.goodcategory", "pk": 148, "fields": {"title": "Умные часы (Apple Watch, Galaxy Watch)", "description": "string", "parent": 140}}, {"model": "api.goodcategory", "pk": 149, "fields": {"title": "Фитнес-браслеты", "description": "string", "parent": 140}}, {"model": "api.goodcategory", "pk": 150, "fields": {"title": "Часы с GPS для детей", "description": "string", "parent": 140}}, {"model": "api.goodcategory", "pk": 168, "fields": {"title": "Игровые приставки (PlayStation, Xbox, Nintendo)", "description": "string", "parent": 141}}, {"model": "api.goodcategory", "pk": 169, "fields": {"title": "Геймпады и контроллеры", "description": "string", "parent": 141}}, {"model": "api.goodcategory", "pk": 170, "fields": {"title": "Игровые наушники", "description": "string", "parent": 141}}, {"model": "api.goodcategory", "pk": 171, "fields": {"title": "VR-очки", "description": "string", "parent": 141}}, {"model": "api.goodcategory", "pk": 172, "fields": {"title": "Игровые кресла", "description": "string", "parent": 141}}, {"model": "api.goodcategory", "pk": 173, "fields": {"title": "Умные розетки", "description": "string", "parent": 142}}, {"model": "api.goodcategory", "pk": 174, "fields": {"title": "Умные лампочки", "description": "string", "parent": 142}}, {"model": "api.goodcategory", "pk": 175, "fields": {"title": "Системы видеонаблюдения", "description": "string", "parent": 142}}, {"model": "api.goodcategory", "pk": 176, "fields": {"title": "Датчики движения", "description": "string", "parent": 142}}, {"model": "api.goodcategory", "pk": 177, "fields": {"title": "Умные замки", "description": "string", "parent": 142}}, {"model": "api.goodcategory", "pk": 178, "fields": {"title": "Голосовые помощники", "description": "string", "parent": 142}}, {"model": "api.goodcategory", "pk": 179, "fields": {"title": "Видеодомофоны", "description": "string", "parent": 142}}, {"model": "api.goodcategory", "pk": 180, "fields": {"title": "Термостаты", "description": "string", "parent": 142}}, {"model": "api.goodcategory", "pk": 181, "fields": {"title": "Сигнализации", "description": "string", "parent": 142}}, {"model": "api.goodcategory", "pk": 182, "fields": {"title": "Цифровые фотоаппараты", "description": "string", "parent": 143}}, {"model": "api.goodcategory", "pk": 183, "fields": {"title": "Экшн-камеры (GoPro и аналоги)", "description": "string", "parent": 143}}, {"model": "api.goodcategory", "pk": 184, "fields": {"title": "Штативы и стабилизаторы", "description": "string", "parent": 143}}, {"model": "api.goodcategory", "pk": 185, "fields": {"title": "Объективы", "description": "string", "parent": 143}}, {"model": "api.goodcategory", "pk": 186, "fields": {"title": "Освещение для съёмки", "description": "string", "parent": 143}}, {"model": "api.goodcategory", "pk": 187, "fields": {"title": "Держатели для телефона", "description": "string", "parent": 139}}, {"model": "api.goodcategory", "pk": 188, "fields": {"title": "GPS-навигаторы", "description": "string", "parent": 139}}, {"model": "api.goodcategory", "pk": 189, "fields": {"title": "Камеры заднего вида", "description": "string", "parent": 139}}, {"model": "api.goodcategory", "pk": 190, "fields": {"title": "Bluetooth-адаптеры", "description": "string", "parent": 139}}, {"model": "api.goodcategory", "pk": 191, "fields": {"title": "Устройства слежения", "description": "string", "parent": 139}}, {"model": "api.characteristicscategory", "pk": 1, "fields": {"category": 2, "title": "Технические характеристики"}}, {"model": "api.characteristicscategory", "pk": 2, "fields": {"category": 2, "title": "Общие"}}, {"model": "api.characteristicscategory", "pk": 35, "fields": {"category": 2, "title": "Управление пылесосом"}}, {"model": "api.characteristics", "pk": 1, "fields": {"category": 2, "title": "Тип"}}, {"model": "api.characteristics", "pk": 2, "fields": {"category": 2, "title": "Страна-изготовитель"}}, {"model": "api.characteristics", "pk": 3, "fields": {"category": 2, "title": "Гарантийный срок"}}, {"model": "api.gooditem", "pk": 1, "fields": {"name": "Чай черный листовой рассыпной Дикие Ягоды, 500 г. Чай и травы.", "description": "aaa", "price": 1084.0, "category": 1, "discount": 0.0, "visible": true, "apply": true, "user": 4}}, {"model": "api.gooditem", "pk": 2, "fields": {"name": "Чай ягодный черный с клубникой и смородиной Императорский Десерт 100гр.", "description": "aaa", "price": 271.0, "category": null, "discount": 0.0, "visible": true, "apply": true, "user": 4}}, {"model": "api.gooditem", "pk": 3, "fields": {"name": "Baizheng Чайник заварочный baizheng, 1500 мл", "description": "aaa", "price": 519.0, "category": null, "discount": 0.0, "visible": true, "apply": true, "user": 4}}, {"model": "api.gooditem", "pk": 4, "fields": {"name": "Чай травяной Летний с ягодами иван чай с душицей, клубникой, малиной, земляникой, 50 гр", "description": "aaa", "price": 354.0, "category": null, "discount": 0.0, "visible": true, "apply": true, "user": 4}}, {"model": "api.gooditem", "pk": 5, "fields": {"name": "Пальто Dene Весна-Осень 2025", "description": "aaa", "price": 6266.0, "category": null, "discount": 0.0, "visible": true, "apply": true, "user": 4}}, {"model": "api.gooditem", "pk": 6, "fields": {"name": "Фен-щётка с ионизацией Tuvio HBI1415, 7 насадок, фиолетовый", "description": "aaa", "price": 8942.0, "category": null, "discount": 0.0, "visible": true, "apply": true, "user": 4}}, {"model": "api.gooditem", "pk": 7, "fields": {"name": "Капучинатор вспениватель молока Raygood", "description": "aaa", "price": 144.0, "category": 2, "discount": 0.0, "visible": true, "apply": true, "user": 4}}, {"model": "api.gooditem", "pk": 8, "fields": {"name": "Компактная посудомоечная машина Midea MCFD42900GMINI-i, с/без подключения к водопроводу", "description": "aaa", "price": 18611.0, "category": 2, "discount": 0.0, "visible": true, "apply": true, "user": 4}}, {"model": "api.gooditem", "pk": 9, "fields": {"name": "Раствор для контактных линз универсальный, жидкость для линз, OPTIMED Comfort, (Оптимед)250 мл", "description": "aaa", "price": 285.0, "category": null, "discount": 0.0, "visible": true, "apply": true, "user": 4}}, {"model": "api.gooditem", "pk": 10, "fields": {"name": "Контактные линзы FASHION -8.5 / 8.6 / 14.2 / 6 шт / 1 месяц", "description": "aaa", "price": 876.0, "category": null, "discount": 0.0, "visible": true, "apply": true, "user": 4}}, {"model": "api.gooditem", "pk": 11, "fields": {"name": "Универсальный раствор для линз OPTIMED ПРО АКТИВ, 250 мл", "description": "aaa", "price": 248.0, "category": null, "discount": 0.0, "visible": true, "apply": true, "user": 4}}, {"model": "api.gooditem", "pk": 27, "fields": {"name": "some name", "description": "some descrioption", "price": 1111.0, "category": null, "discount": 0.0, "visible": false, "apply": false, "user": 5}}, {"model": "api.gooditem", "pk": 29, "fields": {"name": "test", "description": "test", "price": 11.0, "category": null, "discount": 0.0, "visible": false, "apply": false, "user": 5}}, {"model": "api.gooditem", "pk": 30, "fields": {"name": "test", "description": "test", "price": 11.0, "category": null, "discount": 0.0, "visible": false, "apply": false, "user": 5}}, {"model": "api.gooditem", "pk": 31, "fields": {"name": "test", "description": "test", "price": 11.0, "category": null, "discount": 0.0, "visible": false, "apply": false, "user": 5}}, {"model": "api.gooditem", "pk": 32, "fields": {"name": "test", "description": "test", "price": 11.0, "category": null, "discount": 0.0, "visible": false, "apply": false, "user": 5}}, {"model": "api.gooditem", "pk": 35, "fields": {"name": "TP-Link Роутер Archer AX12", "description": "1", "price": 3184.0, "category": null, "discount": 0.0, "visible": true, "apply": false, "user": 1}}, {"model": "api.gooditem", "pk": 38, "fields": {"name": "Колонка блютуз беспроводная портативная мощная 20Вт", "description": "Колонка блютуз беспроводная с чистым объёмным звучанием — идеальный выбор для дома, поездок и вечеринок. Два динамика по 10 Вт обеспечивают насыщенный стереозвук в диапазоне от 120 Гц до 20 кГц. Поддержка bluetooth колонка версии 5.3 гарантирует стабильное подключение ко всем устройствам. Простое управление, удобные кнопки, RGB-подсветка и встроенный приёмник с автонастройкой делают использование максимально комфортным. Портативная колонка весит всего 532 г и легко помещается в сумку.", "price": 1767.0, "category": 138, "discount": 0.0, "visible": true, "apply": false, "user": 1}}, {"model": "api.itemcharacteristic", "pk": 3, "fields": {"item": 38, "characteristic": 2, "body": "Китай"}}, {"model": "api.paymentmethod", "pk": 1, "fields": {"user": 2, "card_body": "1111111111111111", "card_expire_date": "2025-11-11", "card_cvv_code": 111}}, {"model": "api.paymentmethod", "pk": 2, "fields": {"user": 2, "card_body": "2222222222222222", "card_expire_date": "2025-11-11", "card_cvv_code": 111}}, {"model": "api.paymentmethod", "pk": 3, "fields": {"user": 6, "card_body": "1111111111111111", "card_expire_date": "2025-11-11", "card_cvv_code": 111}}, {"model": "api.deliverymethod", "pk": 1, "fields": {"title": "example", "description": "exmaple"}}, {"model": "api.basket", "pk": 7, "fields": {"user": 2, "currently_for_order": false, "visible": true}}, {"model": "api.basket", "pk": 32, "fields": {"user": 3, "currently_for_order": false, "visible": true}}, {"model": "api.basket", "pk": 33, "fields": {"user": 2, "currently_for_order": false, "visible": false}}, {"model": "api.basket", "pk": 34, "fields": {"user": 1, "currently_for_order": false, "visible": true}}, {"model": "api.basket", "pk": 35, "fields": {"user": 6, "currently_for_order": false, "visible": true}}, {"model": "api.basket", "pk": 36, "fields": {"user": 6, "currently_for_order": false, "visible": false}}, {"model": "api.basket", "pk": 37, "fields": {"user": 6, "currently_for_order": false, "visible": false}}, {"model": "api.basket", "pk": 38, "fields": {"user": 6, "currently_for_order": false, "visible": false}}, {"model": "api.basket", "pk": 39, "fields": {"user": 6, "currently_for_order": false, "visible": false}}, {"model": "api.basket", "pk": 40, "fields": {"user": 6, "currently_for_order": false, "visible": false}}, {"model": "api.basket", "pk": 41, "fields": {"user": 6, "currently_for_order": false, "visible": false}}, {"model": "api.basket", "pk": 42, "fields": {"user": 6, "currently_for_order": false, "visible": false}}, {"model": "api.basket", "pk": 43, "fields": {"user": 6, "currently_for_order": false, "visible": false}}, {"model": "api.basket", "pk": 44, "fields": {"user": 6, "currently_for_order": false, "visible": false}}, {"model": "api.basket", "pk": 45, "fields": {"user": 4, "currently_for_order": false, "visible": true}}, {"model": "api.basket", "pk": 46, "fields": {"user": 4, "currently_for_order": false, "visible": false}}, {"model": "api.basket", "pk": 47, "fields": {"user": 6, "currently_for_order": false, "visible": false}}, {"model": "api.basket", "pk": 48, "fields": {"user": 6, "currently_for_order": false, "visible": false}}, {"model": "api.basket", "pk": 49, "fields": {"user": 6, "currently_for_order": false, "visible": false}}, {"model": "api.basket", "pk": 50, "fields": {"user": 5, "currently_for_order": false, "visible": true}}, {"model": "api.basket", "pk": 51, "fields": {"user": 6, "currently_for_order": false, "visible": false}}, {"model": "api.basket", "pk": 52, "fields": {"user": 5, "currently_for_order": false, "visible": false}}, {"model": "api.basket", "pk": 53, "fields": {"user": 5, "currently_for_order": true, "visible": false}}, {"model": "api.basketitem", "pk": 3, "fields": {"good_item": 10, "basket": 7, "count": 4}}, {"model": "api.basketitem", "pk": 38, "fields": {"good_item": 1, "basket": 32, "count": 10}}, {"model": "api.basketitem", "pk": 40, "fields": {"good_item": 2, "basket": 32, "count": 10}}, {"model": "api.basketitem", "pk": 41, "fields": {"good_item": 3, "basket": 32, "count": 10}}, {"model": "api.basketitem", "pk": 42, "fields": {"good_item": 3, "basket": 7, "count": 3}}, {"model": "api.basketitem", "pk": 43, "fields": {"good_item": 9, "basket": 7, "count": 1}}, {"model": "api.basketitem", "pk": 44, "fields": {"good_item": 1, "basket": 33, "count": 1}}, {"model": "api.basketitem", "pk": 45, "fields": {"good_item": 1, "basket": 36, "count": 2}}, {"model": "api.basketitem", "pk": 46, "fields": {"good_item": 5, "basket": 36, "count": 1}}, {"model": "api.basketitem", "pk": 47, "fields": {"good_item": 3, "basket": 37, "count": 2}}, {"model": "api.basketitem", "pk": 48, "fields": {"good_item": 2, "basket": 38, "count": 1}}, {"model": "api.basketitem", "pk": 49, "fields": {"good_item": 2, "basket": 39, "count": 2}}, {"model": "api.basketitem", "pk": 50, "fields": {"good_item": 3, "basket": 39, "count": 1}}, {"model": "api.basketitem", "pk": 51, "fields": {"good_item": 2, "basket": 41, "count": 2}}, {"model": "api.basketitem", "pk": 54, "fields": {"good_item": 2, "basket": 42, "count": 1}}, {"model": "api.basketitem", "pk": 55, "fields": {"good_item": 1, "basket": 43, "count": 11}}, {"model": "api.basketitem", "pk": 57, "fields": {"good_item": 2, "basket": 51, "count": 11}}, {"model": "api.basketitem", "pk": 58, "fields": {"good_item": 10, "basket": 44, "count": 2}}, {"model": "api.basketitem", "pk": 59, "fields": {"good_item": 1, "basket": 46, "count": 11}}, {"model": "api.basketitem", "pk": 60, "fields": {"good_item": 38, "basket": 49, "count": 1}}, {"model": "api.basketitem", "pk": 61, "fields": {"good_item": 35, "basket": 49, "count": 1}}, {"model": "api.basketitem", "pk": 62, "fields": {"good_item": 1, "basket": 52, "count": 1}}, {"model": "api.basketitem", "pk": 63, "fields": {"good_item": 1, "basket": 53, "count": 1}}, {"model": "api.order", "pk": 1, "fields": {"user": 2, "address": "улица пушкина", "basket": 33, "payment_method": 1, "delivery_method": 1, "payment_total": 1084.0, "status": "В обработке", "created_at": "2025-05-16T18:25:23.482Z"}}, {"model": "api.order", "pk": 2, "fields": {"user": 6, "address": "г. Екатеринбург ул. Малышева 15", "basket": 36, "payment_method": 1, "delivery_method": 1, "payment_total": 7350.0, "status": "В обработке", "created_at": "2025-05-17T15:53:51.135Z"}}, {"model": "api.order", "pk": 3, "fields": {"user": 6, "address": "г. Екатеринбург ул. Малышева 15", "basket": 37, "payment_method": 3, "delivery_method": 1, "payment_total": 519.0, "status": "В обработке", "created_at": "2025-05-17T16:01:03.259Z"}}, {"model": "api.order", "pk": 4, "fields": {"user": 6, "address": "string", "basket": 38, "payment_method": 3, "delivery_method": 1, "payment_total": 271.0, "status": "В обработке", "created_at": "2025-05-17T16:05:49.458Z"}}, {"model": "api.order", "pk": 5, "fields": {"user": 6, "address": "г. Екатеринбург ул. Малышева 15", "basket": 39, "payment_method": 3, "delivery_method": 1, "payment_total": 790.0, "status": "В обработке", "created_at": "2025-05-17T16:07:17.232Z"}}, {"model": "api.order", "pk": 6, "fields": {"user": 6, "address": "г. Екатеринбург ул. Малышева 15", "basket": 40, "payment_method": 3, "delivery_method": 1, "payment_total": 2333.0, "status": "В обработке", "created_at": "2025-05-18T07:45:08.500Z"}}, {"model": "api.order", "pk": 7, "fields": {"user": 6, "address": "г. Екатеринбург ул. Малышева 15", "basket": 41, "payment_method": 3, "delivery_method": 1, "payment_total": 271.0, "status": "В обработке", "created_at": "2025-05-18T07:46:37.774Z"}}, {"model": "api.order", "pk": 8, "fields": {"user": 6, "address": "г. Екатеринбург ул. Малышева 15", "basket": 42, "payment_method": 3, "delivery_method": 1, "payment_total": 271.0, "status": "В обработке", "created_at": "2025-05-18T07:48:05.629Z"}}, {"model": "api.order", "pk": 9, "fields": {"user": 6, "address": "some street", "basket": 43, "payment_method": 1, "delivery_method": 1, "payment_total": 1084.0, "status": "В обработке", "created_at": "2025-05-18T13:17:24.294Z"}}, {"model": "api.order", "pk": 10, "fields": {"user": 6, "address": "г. Екатеринбург ул. Малышева 15", "basket": 44, "payment_method": 3, "delivery_method": 1, "payment_total": 876.0, "status": "В обработке", "created_at": "2025-05-18T13:23:31.711Z"}}, {"model": "api.order", "pk": 11, "fields": {"user": 4, "address": "Lenina 114", "basket": 46, "payment_method": 1, "delivery_method": 1, "payment_total": 11924.0, "status": "В обработке", "created_at": "2025-05-18T13:29:09.592Z"}}, {"model": "api.order", "pk": 12, "fields": {"user": 6, "address": "г. Екатеринбург ул. Малышева 15", "basket": 47, "payment_method": 3, "delivery_method": 1, "payment_total": 4951.0, "status": "В обработке", "created_at": "2025-05-19T13:08:09.427Z"}}, {"model": "api.order", "pk": 13, "fields": {"user": 6, "address": "г. Екатеринбург ул. Малышева 15", "basket": 48, "payment_method": 3, "delivery_method": 1, "payment_total": 4951.0, "status": "В обработке", "created_at": "2025-05-19T13:08:16.807Z"}}, {"model": "api.order", "pk": 14, "fields": {"user": 6, "address": "г. Екатеринбург ул. Малышева 15", "basket": 49, "payment_method": 3, "delivery_method": 1, "payment_total": 4951.0, "status": "DELIVERED", "created_at": "2025-05-19T13:08:44.017Z"}}, {"model": "api.order", "pk": 15, "fields": {"user": 6, "address": "г. Екатеринбург ул. Малышева 15", "basket": 51, "payment_method": 3, "delivery_method": 1, "payment_total": 2981.0, "status": "В обработке", "created_at": "2025-05-19T13:15:17.559Z"}}, {"model": "api.order", "pk": 16, "fields": {"user": 5, "address": "random", "basket": 52, "payment_method": 1, "delivery_method": 1, "payment_total": 1084.0, "status": "В обработке", "created_at": "2025-05-19T13:19:15.283Z"}}, {"model": "api.comment", "pk": 1, "fields": {"user": 2, "item": 1, "body": "string", "rate": 5, "created_at": "2025-05-19T10:19:06.468Z"}}, {"model": "api.itemmedia", "pk": 10, "fields": {"item": 27, "source": "media/fotka.jpg"}}, {"model": "api.itemmedia", "pk": 16, "fields": {"item": 35, "source": "media/1.png"}}, {"model": "api.itemmedia", "pk": 19, "fields": {"item": 38, "source": "media/Screenshot_6.png"}}, {"model": "api.itemmedia", "pk": 20, "fields": {"item": 38, "source": "media/Screenshot_5.png"}}, {"model": "api.like", "pk": 4, "fields": {"user": 2, "item": 7, "created_at": "2025-05-14T08:06:41.321Z"}}, {"model": "api.like", "pk": 15, "fields": {"user": 2, "item": 6, "created_at": "2025-05-14T10:41:18.298Z"}}, {"model": "api.like", "pk": 17, "fields": {"user": 2, "item": 4, "created_at": "2025-05-14T10:41:52.570Z"}}, {"model": "api.like", "pk": 19, "fields": {"user": 2, "item": 5, "created_at": "2025-05-14T12:22:22.642Z"}}, {"model": "api.like", "pk": 53, "fields": {"user": 2, "item": 1, "created_at": "2025-05-14T12:32:05.691Z"}}, {"model": "api.like", "pk": 59, "fields": {"user": 2, "item": 8, "created_at": "2025-05-17T04:30:46.941Z"}}, {"model": "api.like", "pk": 60, "fields": {"user": 3, "item": 8, "created_at": "2025-05-17T05:03:34.624Z"}}, {"model": "api.like", "pk": 62, "fields": {"user": 6, "item": 2, "created_at": "2025-05-17T13:05:16.292Z"}}, {"model": "api.like", "pk": 69, "fields": {"user": 6, "item": 3, "created_at": "2025-05-17T13:17:47.136Z"}}, {"model": "api.like", "pk": 70, "fields": {"user": 6, "item": 4, "created_at": "2025-05-17T13:17:47.875Z"}}, {"model": "api.like", "pk": 71, "fields": {"user": 6, "item": 5, "created_at": "2025-05-17T13:17:48.579Z"}}, {"model": "api.like", "pk": 72, "fields": {"user": 6, "item": 6, "created_at": "2025-05-17T13:17:49.318Z"}}, {"model": "api.like", "pk": 73, "fields": {"user": 6, "item": 9, "created_at": "2025-05-17T13:17:49.978Z"}}, {"model": "api.like", "pk": 74, "fields": {"user": 6, "item": 10, "created_at": "2025-05-17T13:17:51.915Z"}}, {"model": "api.like", "pk": 75, "fields": {"user": 6, "item": 11, "created_at": "2025-05-17T13:17:52.653Z"}}, {"model": "api.like", "pk": 76, "fields": {"user": 6, "item": 35, "created_at": "2025-05-18T16:12:52.501Z"}}, {"model": "api.like", "pk": 77, "fields": {"user": 6, "item": 38, "created_at": "2025-05-19T13:55:50.742Z"}}, {"model": "api.like", "pk": 79, "fields": {"user": 6, "item": 1, "created_at": "2025-05-19T14:21:48.270Z"}}]