[{"model": "auth.permission", "pk": 1, "fields": {"name": "Can add log entry", "content_type": 1, "codename": "add_logentry"}}, {"model": "auth.permission", "pk": 2, "fields": {"name": "Can change log entry", "content_type": 1, "codename": "change_logentry"}}, {"model": "auth.permission", "pk": 3, "fields": {"name": "Can delete log entry", "content_type": 1, "codename": "delete_logentry"}}, {"model": "auth.permission", "pk": 4, "fields": {"name": "Can view log entry", "content_type": 1, "codename": "view_logentry"}}, {"model": "auth.permission", "pk": 5, "fields": {"name": "Can add permission", "content_type": 2, "codename": "add_permission"}}, {"model": "auth.permission", "pk": 6, "fields": {"name": "Can change permission", "content_type": 2, "codename": "change_permission"}}, {"model": "auth.permission", "pk": 7, "fields": {"name": "Can delete permission", "content_type": 2, "codename": "delete_permission"}}, {"model": "auth.permission", "pk": 8, "fields": {"name": "Can view permission", "content_type": 2, "codename": "view_permission"}}, {"model": "auth.permission", "pk": 9, "fields": {"name": "Can add group", "content_type": 3, "codename": "add_group"}}, {"model": "auth.permission", "pk": 10, "fields": {"name": "Can change group", "content_type": 3, "codename": "change_group"}}, {"model": "auth.permission", "pk": 11, "fields": {"name": "Can delete group", "content_type": 3, "codename": "delete_group"}}, {"model": "auth.permission", "pk": 12, "fields": {"name": "Can view group", "content_type": 3, "codename": "view_group"}}, {"model": "auth.permission", "pk": 13, "fields": {"name": "Can add content type", "content_type": 4, "codename": "add_contenttype"}}, {"model": "auth.permission", "pk": 14, "fields": {"name": "Can change content type", "content_type": 4, "codename": "change_contenttype"}}, {"model": "auth.permission", "pk": 15, "fields": {"name": "Can delete content type", "content_type": 4, "codename": "delete_contenttype"}}, {"model": "auth.permission", "pk": 16, "fields": {"name": "Can view content type", "content_type": 4, "codename": "view_contenttype"}}, {"model": "auth.permission", "pk": 17, "fields": {"name": "Can add session", "content_type": 5, "codename": "add_session"}}, {"model": "auth.permission", "pk": 18, "fields": {"name": "Can change session", "content_type": 5, "codename": "change_session"}}, {"model": "auth.permission", "pk": 19, "fields": {"name": "Can delete session", "content_type": 5, "codename": "delete_session"}}, {"model": "auth.permission", "pk": 20, "fields": {"name": "Can view session", "content_type": 5, "codename": "view_session"}}, {"model": "auth.permission", "pk": 21, "fields": {"name": "Can add Token", "content_type": 6, "codename": "add_token"}}, {"model": "auth.permission", "pk": 22, "fields": {"name": "Can change Token", "content_type": 6, "codename": "change_token"}}, {"model": "auth.permission", "pk": 23, "fields": {"name": "Can delete Token", "content_type": 6, "codename": "delete_token"}}, {"model": "auth.permission", "pk": 24, "fields": {"name": "Can view Token", "content_type": 6, "codename": "view_token"}}, {"model": "auth.permission", "pk": 25, "fields": {"name": "Can add token", "content_type": 7, "codename": "add_tokenproxy"}}, {"model": "auth.permission", "pk": 26, "fields": {"name": "Can change token", "content_type": 7, "codename": "change_tokenproxy"}}, {"model": "auth.permission", "pk": 27, "fields": {"name": "Can delete token", "content_type": 7, "codename": "delete_tokenproxy"}}, {"model": "auth.permission", "pk": 28, "fields": {"name": "Can view token", "content_type": 7, "codename": "view_tokenproxy"}}, {"model": "auth.permission", "pk": 29, "fields": {"name": "Can add user", "content_type": 8, "codename": "add_customabstractuser"}}, {"model": "auth.permission", "pk": 30, "fields": {"name": "Can change user", "content_type": 8, "codename": "change_customabstractuser"}}, {"model": "auth.permission", "pk": 31, "fields": {"name": "Can delete user", "content_type": 8, "codename": "delete_customabstractuser"}}, {"model": "auth.permission", "pk": 32, "fields": {"name": "Can view user", "content_type": 8, "codename": "view_customabstractuser"}}, {"model": "auth.permission", "pk": 33, "fields": {"name": "Can add Корзина", "content_type": 9, "codename": "add_basket"}}, {"model": "auth.permission", "pk": 34, "fields": {"name": "Can change Корзина", "content_type": 9, "codename": "change_basket"}}, {"model": "auth.permission", "pk": 35, "fields": {"name": "Can delete Корзина", "content_type": 9, "codename": "delete_basket"}}, {"model": "auth.permission", "pk": 36, "fields": {"name": "Can view Корзина", "content_type": 9, "codename": "view_basket"}}, {"model": "auth.permission", "pk": 37, "fields": {"name": "Can add Способ доставки", "content_type": 10, "codename": "add_deliverymethod"}}, {"model": "auth.permission", "pk": 38, "fields": {"name": "Can change Способ доставки", "content_type": 10, "codename": "change_deliverymethod"}}, {"model": "auth.permission", "pk": 39, "fields": {"name": "Can delete Способ доставки", "content_type": 10, "codename": "delete_deliverymethod"}}, {"model": "auth.permission", "pk": 40, "fields": {"name": "Can view Способ доставки", "content_type": 10, "codename": "view_deliverymethod"}}, {"model": "auth.permission", "pk": 41, "fields": {"name": "Can add Категория", "content_type": 11, "codename": "add_goodcategory"}}, {"model": "auth.permission", "pk": 42, "fields": {"name": "Can change Категория", "content_type": 11, "codename": "change_goodcategory"}}, {"model": "auth.permission", "pk": 43, "fields": {"name": "Can delete Категория", "content_type": 11, "codename": "delete_goodcategory"}}, {"model": "auth.permission", "pk": 44, "fields": {"name": "Can view Категория", "content_type": 11, "codename": "view_goodcategory"}}, {"model": "auth.permission", "pk": 45, "fields": {"name": "Can add Способ оплаты", "content_type": 12, "codename": "add_paymentmethod"}}, {"model": "auth.permission", "pk": 46, "fields": {"name": "Can change Способ оплаты", "content_type": 12, "codename": "change_paymentmethod"}}, {"model": "auth.permission", "pk": 47, "fields": {"name": "Can delete Способ оплаты", "content_type": 12, "codename": "delete_paymentmethod"}}, {"model": "auth.permission", "pk": 48, "fields": {"name": "Can view Способ оплаты", "content_type": 12, "codename": "view_paymentmethod"}}, {"model": "auth.permission", "pk": 49, "fields": {"name": "Can add Транзакция", "content_type": 13, "codename": "add_transaction"}}, {"model": "auth.permission", "pk": 50, "fields": {"name": "Can change Транзакция", "content_type": 13, "codename": "change_transaction"}}, {"model": "auth.permission", "pk": 51, "fields": {"name": "Can delete Транзакция", "content_type": 13, "codename": "delete_transaction"}}, {"model": "auth.permission", "pk": 52, "fields": {"name": "Can view Транзакция", "content_type": 13, "codename": "view_transaction"}}, {"model": "auth.permission", "pk": 53, "fields": {"name": "Can add Получатель", "content_type": 14, "codename": "add_recipent"}}, {"model": "auth.permission", "pk": 54, "fields": {"name": "Can change Получатель", "content_type": 14, "codename": "change_recipent"}}, {"model": "auth.permission", "pk": 55, "fields": {"name": "Can delete Получатель", "content_type": 14, "codename": "delete_recipent"}}, {"model": "auth.permission", "pk": 56, "fields": {"name": "Can view Получатель", "content_type": 14, "codename": "view_recipent"}}, {"model": "auth.permission", "pk": 57, "fields": {"name": "Can add Товар", "content_type": 15, "codename": "add_gooditem"}}, {"model": "auth.permission", "pk": 58, "fields": {"name": "Can change Товар", "content_type": 15, "codename": "change_gooditem"}}, {"model": "auth.permission", "pk": 59, "fields": {"name": "Can delete Товар", "content_type": 15, "codename": "delete_gooditem"}}, {"model": "auth.permission", "pk": 60, "fields": {"name": "Can view Товар", "content_type": 15, "codename": "view_gooditem"}}, {"model": "auth.permission", "pk": 61, "fields": {"name": "Can add Товар в корзине", "content_type": 16, "codename": "add_basketitem"}}, {"model": "auth.permission", "pk": 62, "fields": {"name": "Can change Товар в корзине", "content_type": 16, "codename": "change_basketitem"}}, {"model": "auth.permission", "pk": 63, "fields": {"name": "Can delete Товар в корзине", "content_type": 16, "codename": "delete_basketitem"}}, {"model": "auth.permission", "pk": 64, "fields": {"name": "Can view Товар в корзине", "content_type": 16, "codename": "view_basketitem"}}, {"model": "auth.permission", "pk": 65, "fields": {"name": "Can add comment", "content_type": 17, "codename": "add_comment"}}, {"model": "auth.permission", "pk": 66, "fields": {"name": "Can change comment", "content_type": 17, "codename": "change_comment"}}, {"model": "auth.permission", "pk": 67, "fields": {"name": "Can delete comment", "content_type": 17, "codename": "delete_comment"}}, {"model": "auth.permission", "pk": 68, "fields": {"name": "Can view comment", "content_type": 17, "codename": "view_comment"}}, {"model": "auth.permission", "pk": 69, "fields": {"name": "Can add comment reply", "content_type": 18, "codename": "add_commentreply"}}, {"model": "auth.permission", "pk": 70, "fields": {"name": "Can change comment reply", "content_type": 18, "codename": "change_commentreply"}}, {"model": "auth.permission", "pk": 71, "fields": {"name": "Can delete comment reply", "content_type": 18, "codename": "delete_commentreply"}}, {"model": "auth.permission", "pk": 72, "fields": {"name": "Can view comment reply", "content_type": 18, "codename": "view_commentreply"}}, {"model": "auth.permission", "pk": 73, "fields": {"name": "Can add item media", "content_type": 19, "codename": "add_itemmedia"}}, {"model": "auth.permission", "pk": 74, "fields": {"name": "Can change item media", "content_type": 19, "codename": "change_itemmedia"}}, {"model": "auth.permission", "pk": 75, "fields": {"name": "Can delete item media", "content_type": 19, "codename": "delete_itemmedia"}}, {"model": "auth.permission", "pk": 76, "fields": {"name": "Can view item media", "content_type": 19, "codename": "view_itemmedia"}}, {"model": "auth.permission", "pk": 77, "fields": {"name": "Can add message", "content_type": 20, "codename": "add_message"}}, {"model": "auth.permission", "pk": 78, "fields": {"name": "Can change message", "content_type": 20, "codename": "change_message"}}, {"model": "auth.permission", "pk": 79, "fields": {"name": "Can delete message", "content_type": 20, "codename": "delete_message"}}, {"model": "auth.permission", "pk": 80, "fields": {"name": "Can view message", "content_type": 20, "codename": "view_message"}}, {"model": "auth.permission", "pk": 81, "fields": {"name": "Can add notification", "content_type": 21, "codename": "add_notification"}}, {"model": "auth.permission", "pk": 82, "fields": {"name": "Can change notification", "content_type": 21, "codename": "change_notification"}}, {"model": "auth.permission", "pk": 83, "fields": {"name": "Can delete notification", "content_type": 21, "codename": "delete_notification"}}, {"model": "auth.permission", "pk": 84, "fields": {"name": "Can view notification", "content_type": 21, "codename": "view_notification"}}, {"model": "auth.permission", "pk": 85, "fields": {"name": "Can add Счет", "content_type": 22, "codename": "add_order"}}, {"model": "auth.permission", "pk": 86, "fields": {"name": "Can change Счет", "content_type": 22, "codename": "change_order"}}, {"model": "auth.permission", "pk": 87, "fields": {"name": "Can delete Счет", "content_type": 22, "codename": "delete_order"}}, {"model": "auth.permission", "pk": 88, "fields": {"name": "Can view Счет", "content_type": 22, "codename": "view_order"}}, {"model": "auth.permission", "pk": 89, "fields": {"name": "Can add characteristics", "content_type": 23, "codename": "add_characteristics"}}, {"model": "auth.permission", "pk": 90, "fields": {"name": "Can change characteristics", "content_type": 23, "codename": "change_characteristics"}}, {"model": "auth.permission", "pk": 91, "fields": {"name": "Can delete characteristics", "content_type": 23, "codename": "delete_characteristics"}}, {"model": "auth.permission", "pk": 92, "fields": {"name": "Can view characteristics", "content_type": 23, "codename": "view_characteristics"}}, {"model": "auth.permission", "pk": 93, "fields": {"name": "Can add item characteristic", "content_type": 24, "codename": "add_itemcharacteristic"}}, {"model": "auth.permission", "pk": 94, "fields": {"name": "Can change item characteristic", "content_type": 24, "codename": "change_itemcharacteristic"}}, {"model": "auth.permission", "pk": 95, "fields": {"name": "Can delete item characteristic", "content_type": 24, "codename": "delete_itemcharacteristic"}}, {"model": "auth.permission", "pk": 96, "fields": {"name": "Can view item characteristic", "content_type": 24, "codename": "view_itemcharacteristic"}}, {"model": "auth.permission", "pk": 97, "fields": {"name": "Can add like", "content_type": 25, "codename": "add_like"}}, {"model": "auth.permission", "pk": 98, "fields": {"name": "Can change like", "content_type": 25, "codename": "change_like"}}, {"model": "auth.permission", "pk": 99, "fields": {"name": "Can delete like", "content_type": 25, "codename": "delete_like"}}, {"model": "auth.permission", "pk": 100, "fields": {"name": "Can view like", "content_type": 25, "codename": "view_like"}}, {"model": "auth.permission", "pk": 101, "fields": {"name": "Can add market", "content_type": 26, "codename": "add_market"}}, {"model": "auth.permission", "pk": 102, "fields": {"name": "Can change market", "content_type": 26, "codename": "change_market"}}, {"model": "auth.permission", "pk": 103, "fields": {"name": "Can delete market", "content_type": 26, "codename": "delete_market"}}, {"model": "auth.permission", "pk": 104, "fields": {"name": "Can view market", "content_type": 26, "codename": "view_market"}}, {"model": "auth.permission", "pk": 105, "fields": {"name": "Can add characteristics category", "content_type": 27, "codename": "add_characteristicscategory"}}, {"model": "auth.permission", "pk": 106, "fields": {"name": "Can change characteristics category", "content_type": 27, "codename": "change_characteristicscategory"}}, {"model": "auth.permission", "pk": 107, "fields": {"name": "Can delete characteristics category", "content_type": 27, "codename": "delete_characteristicscategory"}}, {"model": "auth.permission", "pk": 108, "fields": {"name": "Can view characteristics category", "content_type": 27, "codename": "view_characteristicscategory"}}, {"model": "auth.permission", "pk": 109, "fields": {"name": "Can add refund", "content_type": 28, "codename": "add_refund"}}, {"model": "auth.permission", "pk": 110, "fields": {"name": "Can change refund", "content_type": 28, "codename": "change_refund"}}, {"model": "auth.permission", "pk": 111, "fields": {"name": "Can delete refund", "content_type": 28, "codename": "delete_refund"}}, {"model": "auth.permission", "pk": 112, "fields": {"name": "Can view refund", "content_type": 28, "codename": "view_refund"}}, {"model": "auth.permission", "pk": 113, "fields": {"name": "Can add comment media", "content_type": 29, "codename": "add_commentmedia"}}, {"model": "auth.permission", "pk": 114, "fields": {"name": "Can change comment media", "content_type": 29, "codename": "change_commentmedia"}}, {"model": "auth.permission", "pk": 115, "fields": {"name": "Can delete comment media", "content_type": 29, "codename": "delete_commentmedia"}}, {"model": "auth.permission", "pk": 116, "fields": {"name": "Can view comment media", "content_type": 29, "codename": "view_commentmedia"}}, {"model": "auth.permission", "pk": 117, "fields": {"name": "Can add money payout", "content_type": 30, "codename": "add_moneypayout"}}, {"model": "auth.permission", "pk": 118, "fields": {"name": "Can change money payout", "content_type": 30, "codename": "change_moneypayout"}}, {"model": "auth.permission", "pk": 119, "fields": {"name": "Can delete money payout", "content_type": 30, "codename": "delete_moneypayout"}}, {"model": "auth.permission", "pk": 120, "fields": {"name": "Can view money payout", "content_type": 30, "codename": "view_moneypayout"}}, {"model": "auth.permission", "pk": 121, "fields": {"name": "Can add document", "content_type": 31, "codename": "add_document"}}, {"model": "auth.permission", "pk": 122, "fields": {"name": "Can change document", "content_type": 31, "codename": "change_document"}}, {"model": "auth.permission", "pk": 123, "fields": {"name": "Can delete document", "content_type": 31, "codename": "delete_document"}}, {"model": "auth.permission", "pk": 124, "fields": {"name": "Can view document", "content_type": 31, "codename": "view_document"}}, {"model": "contenttypes.contenttype", "pk": 1, "fields": {"app_label": "admin", "model": "logentry"}}, {"model": "contenttypes.contenttype", "pk": 2, "fields": {"app_label": "auth", "model": "permission"}}, {"model": "contenttypes.contenttype", "pk": 3, "fields": {"app_label": "auth", "model": "group"}}, {"model": "contenttypes.contenttype", "pk": 4, "fields": {"app_label": "contenttypes", "model": "contenttype"}}, {"model": "contenttypes.contenttype", "pk": 5, "fields": {"app_label": "sessions", "model": "session"}}, {"model": "contenttypes.contenttype", "pk": 6, "fields": {"app_label": "authtoken", "model": "token"}}, {"model": "contenttypes.contenttype", "pk": 7, "fields": {"app_label": "authtoken", "model": "tokenproxy"}}, {"model": "contenttypes.contenttype", "pk": 8, "fields": {"app_label": "users", "model": "customabstractuser"}}, {"model": "contenttypes.contenttype", "pk": 9, "fields": {"app_label": "api", "model": "basket"}}, {"model": "contenttypes.contenttype", "pk": 10, "fields": {"app_label": "api", "model": "deliverymethod"}}, {"model": "contenttypes.contenttype", "pk": 11, "fields": {"app_label": "api", "model": "goodcategory"}}, {"model": "contenttypes.contenttype", "pk": 12, "fields": {"app_label": "api", "model": "paymentmethod"}}, {"model": "contenttypes.contenttype", "pk": 13, "fields": {"app_label": "api", "model": "transaction"}}, {"model": "contenttypes.contenttype", "pk": 14, "fields": {"app_label": "api", "model": "recipent"}}, {"model": "contenttypes.contenttype", "pk": 15, "fields": {"app_label": "api", "model": "gooditem"}}, {"model": "contenttypes.contenttype", "pk": 16, "fields": {"app_label": "api", "model": "basketitem"}}, {"model": "contenttypes.contenttype", "pk": 17, "fields": {"app_label": "api", "model": "comment"}}, {"model": "contenttypes.contenttype", "pk": 18, "fields": {"app_label": "api", "model": "commentreply"}}, {"model": "contenttypes.contenttype", "pk": 19, "fields": {"app_label": "api", "model": "itemmedia"}}, {"model": "contenttypes.contenttype", "pk": 20, "fields": {"app_label": "api", "model": "message"}}, {"model": "contenttypes.contenttype", "pk": 21, "fields": {"app_label": "api", "model": "notification"}}, {"model": "contenttypes.contenttype", "pk": 22, "fields": {"app_label": "api", "model": "order"}}, {"model": "contenttypes.contenttype", "pk": 23, "fields": {"app_label": "api", "model": "characteristics"}}, {"model": "contenttypes.contenttype", "pk": 24, "fields": {"app_label": "api", "model": "itemcharacteristic"}}, {"model": "contenttypes.contenttype", "pk": 25, "fields": {"app_label": "api", "model": "like"}}, {"model": "contenttypes.contenttype", "pk": 26, "fields": {"app_label": "api", "model": "market"}}, {"model": "contenttypes.contenttype", "pk": 27, "fields": {"app_label": "api", "model": "characteristicscategory"}}, {"model": "contenttypes.contenttype", "pk": 28, "fields": {"app_label": "api", "model": "refund"}}, {"model": "contenttypes.contenttype", "pk": 29, "fields": {"app_label": "api", "model": "commentmedia"}}, {"model": "contenttypes.contenttype", "pk": 30, "fields": {"app_label": "api", "model": "moneypayout"}}, {"model": "contenttypes.contenttype", "pk": 31, "fields": {"app_label": "api", "model": "document"}}, {"model": "authtoken.token", "pk": "051e8823c1def4984c1da91930d5e4ab67a94f4a", "fields": {"user": 2, "created": "2025-05-06T11:18:08.290Z"}}, {"model": "authtoken.token", "pk": "0aff22ed927d1f2e2bd5ca2363aaffcde5888254", "fields": {"user": 6, "created": "2025-05-17T13:03:56.510Z"}}, {"model": "authtoken.token", "pk": "0f069964e367e18cae1f2b05f5bee0cabd05cee1", "fields": {"user": 3, "created": "2025-05-14T07:58:29.942Z"}}, {"model": "authtoken.token", "pk": "41dfcdb28ee0c5e1dcedb9c91d2dfa7c35cb06a4", "fields": {"user": 12, "created": "2025-05-31T13:04:10.996Z"}}, {"model": "authtoken.token", "pk": "5a63fda3dc68de6f233079b85d3771c49d7fdbd6", "fields": {"user": 15, "created": "2025-06-02T17:35:19.930Z"}}, {"model": "authtoken.token", "pk": "68ee87dee54fe91f3f785177bb1189173e6c697c", "fields": {"user": 4, "created": "2025-05-18T13:27:37.144Z"}}, {"model": "authtoken.token", "pk": "72932b1973ff0e5c64eed9452c3a7bffaa35e1eb", "fields": {"user": 11, "created": "2025-05-31T09:57:44.543Z"}}, {"model": "authtoken.token", "pk": "74ecc6c6937a7cb2133c03cace2829ff0ad684ec", "fields": {"user": 13, "created": "2025-06-02T10:08:56.527Z"}}, {"model": "authtoken.token", "pk": "85defefd015cff0cba34e49cac9b13d47e8ced22", "fields": {"user": 1, "created": "2025-05-06T10:24:29.421Z"}}, {"model": "authtoken.token", "pk": "8f2665ba3759bc46dbdf83fda9fbe8299efa9911", "fields": {"user": 14, "created": "2025-06-02T11:19:07.683Z"}}, {"model": "authtoken.token", "pk": "dd4885c41f7b6c50636ba19f5af3d4d05c2cb9d3", "fields": {"user": 5, "created": "2025-05-15T08:47:07.024Z"}}, {"model": "users.customabstractuser", "pk": 1, "fields": {"first_name": "Полина", "last_name": "Крупина", "is_active": true, "user_type": "Продавец", "email": "polyakrupina@gmail.com", "otp": null, "sex": "FEMALE", "avatar": "", "otp_expires": null, "groups": [], "user_permissions": []}}, {"model": "users.customabstractuser", "pk": 2, "fields": {"first_name": "Полина", "last_name": "Крупина", "is_active": true, "user_type": "Администратор", "email": "polykrupina@gmail.com", "otp": null, "sex": "FEMALE", "avatar": "", "otp_expires": null, "groups": [], "user_permissions": []}}, {"model": "users.customabstractuser", "pk": 3, "fields": {"first_name": "", "last_name": "", "is_active": true, "user_type": "Администратор", "email": "example@ex.cm", "otp": null, "sex": null, "avatar": "avatars/fotka.jpg", "otp_expires": null, "groups": [], "user_permissions": []}}, {"model": "users.customabstractuser", "pk": 4, "fields": {"first_name": "string", "last_name": "string", "is_active": true, "user_type": "Покупатель", "email": "user@example.com", "otp": "209539", "sex": "MALE", "avatar": "", "otp_expires": "2025-05-19T11:46:18.282Z", "groups": [], "user_permissions": []}}, {"model": "users.customabstractuser", "pk": 5, "fields": {"first_name": "", "last_name": "", "is_active": true, "user_type": "Продавец", "email": "seller@example.com", "otp": null, "sex": null, "avatar": "", "otp_expires": null, "groups": [], "user_permissions": []}}, {"model": "users.customabstractuser", "pk": 6, "fields": {"first_name": "Полина", "last_name": "Крупина", "is_active": true, "user_type": "Покупатель", "email": "polyakrupina136@yandex.ru", "otp": null, "sex": "FEMALE", "avatar": "avatars/49f06c98-b73f-4e36-863e-703a44f286b4.jfif", "otp_expires": null, "groups": [], "user_permissions": []}}, {"model": "users.customabstractuser", "pk": 8, "fields": {"first_name": "", "last_name": "", "is_active": true, "user_type": "Продавец", "email": "definetly_not_an_example@gmail.com", "otp": "932958", "sex": null, "avatar": "", "otp_expires": "2025-05-30T07:59:01.765Z", "groups": [], "user_permissions": []}}, {"model": "users.customabstractuser", "pk": 11, "fields": {"first_name": "Марина", "last_name": "Киценко", "is_active": true, "user_type": "Покупатель", "email": "kisenkom04@yandex.ru", "otp": null, "sex": "FEMALE", "avatar": "avatars/пиздец.jpg", "otp_expires": null, "groups": [], "user_permissions": []}}, {"model": "users.customabstractuser", "pk": 12, "fields": {"first_name": "Марина", "last_name": "Киценко", "is_active": true, "user_type": "Продавец", "email": "Marina.Kitsenko@urfu.me", "otp": null, "sex": "FEMALE", "avatar": "", "otp_expires": null, "groups": [], "user_permissions": []}}, {"model": "users.customabstractuser", "pk": 13, "fields": {"first_name": "Марина", "last_name": "Киценко", "is_active": true, "user_type": "Администратор", "email": "lkjhgf1234poi@gmail.com", "otp": null, "sex": "FEMALE", "avatar": "", "otp_expires": null, "groups": [], "user_permissions": []}}, {"model": "users.customabstractuser", "pk": 14, "fields": {"first_name": "Дарья", "last_name": "", "is_active": true, "user_type": "Покупатель", "email": "dvaseptsova@gmail.com", "otp": null, "sex": "FEMALE", "avatar": "", "otp_expires": null, "groups": [], "user_permissions": []}}, {"model": "users.customabstractuser", "pk": 15, "fields": {"first_name": "Анна", "last_name": "", "is_active": true, "user_type": "Покупатель", "email": "annamatuhina399@gmail.com", "otp": null, "sex": "FEMALE", "avatar": "", "otp_expires": null, "groups": [], "user_permissions": []}}, {"model": "users.customabstractuser", "pk": 16, "fields": {"first_name": "", "last_name": "", "is_active": true, "user_type": "Покупатель", "email": "wedyza@mail.ru", "otp": "002392", "sex": null, "avatar": "", "otp_expires": "2025-06-03T08:29:24.256Z", "groups": [], "user_permissions": []}}, {"model": "api.goodcategory", "pk": 1, "fields": {"title": "Одежда и обувь", "description": "string", "parent": null}}, {"model": "api.goodcategory", "pk": 2, "fields": {"title": "Электроника и гаджеты", "description": "string", "parent": null}}, {"model": "api.goodcategory", "pk": 3, "fields": {"title": "Дом и сад", "description": "string", "parent": null}}, {"model": "api.goodcategory", "pk": 4, "fields": {"title": "Здоровье", "description": "string", "parent": null}}, {"model": "api.goodcategory", "pk": 5, "fields": {"title": "Спорт и активный отдых", "description": "string", "parent": null}}, {"model": "api.goodcategory", "pk": 6, "fields": {"title": "Товары для животных", "description": "string", "parent": null}}, {"model": "api.goodcategory", "pk": 7, "fields": {"title": "Детские товары", "description": "string", "parent": null}}, {"model": "api.goodcategory", "pk": 8, "fields": {"title": "Канцтовары и книги", "description": "string", "parent": null}}, {"model": "api.goodcategory", "pk": 9, "fields": {"title": "Товары для праздников", "description": "string", "parent": null}}, {"model": "api.goodcategory", "pk": 10, "fields": {"title": "Игрушки и хобби", "description": "string", "parent": null}}, {"model": "api.goodcategory", "pk": 11, "fields": {"title": "Ювелирные изделия и аксессуары", "description": "string", "parent": null}}, {"model": "api.goodcategory", "pk": 12, "fields": {"title": "Мебель", "description": "string", "parent": null}}, {"model": "api.goodcategory", "pk": 13, "fields": {"title": "Продукты питания", "description": "string", "parent": null}}, {"model": "api.goodcategory", "pk": 14, "fields": {"title": "Ремонт и строительство", "description": "string", "parent": null}}, {"model": "api.goodcategory", "pk": 69, "fields": {"title": "Смартфоны и аксессуары", "description": "string", "parent": 2}}, {"model": "api.goodcategory", "pk": 102, "fields": {"title": "Смартфоны (iPhone, Samsung, Xiaomi)", "description": "string", "parent": 69}}, {"model": "api.goodcategory", "pk": 136, "fields": {"title": "Зарядные устройства", "description": "string", "parent": 69}}, {"model": "api.goodcategory", "pk": 137, "fields": {"title": "Power Bank", "description": "string", "parent": 69}}, {"model": "api.goodcategory", "pk": 138, "fields": {"title": "Наушники (проводные и Bluetooth)", "description": "string", "parent": 69}}, {"model": "api.goodcategory", "pk": 139, "fields": {"title": "Электроника для авто", "description": "string", "parent": 2}}, {"model": "api.goodcategory", "pk": 140, "fields": {"title": "Носимая электроника", "description": "string", "parent": 2}}, {"model": "api.goodcategory", "pk": 141, "fields": {"title": "Игровая электроника", "description": "string", "parent": 2}}, {"model": "api.goodcategory", "pk": 142, "fields": {"title": "Умный дом и безопасность", "description": "string", "parent": 2}}, {"model": "api.goodcategory", "pk": 143, "fields": {"title": "Фото и видеотехника", "description": "string", "parent": 2}}, {"model": "api.goodcategory", "pk": 144, "fields": {"title": "Видеорегистраторы", "description": "string", "parent": 139}}, {"model": "api.goodcategory", "pk": 145, "fields": {"title": "Автомагнитолы", "description": "string", "parent": 139}}, {"model": "api.goodcategory", "pk": 146, "fields": {"title": "Парктроники", "description": "string", "parent": 139}}, {"model": "api.goodcategory", "pk": 147, "fields": {"title": "Зарядки в прикуриватель", "description": "string", "parent": 139}}, {"model": "api.goodcategory", "pk": 148, "fields": {"title": "Умные часы (Apple Watch, Galaxy Watch)", "description": "string", "parent": 140}}, {"model": "api.goodcategory", "pk": 149, "fields": {"title": "Фитнес-браслеты", "description": "string", "parent": 140}}, {"model": "api.goodcategory", "pk": 150, "fields": {"title": "Часы с GPS для детей", "description": "string", "parent": 140}}, {"model": "api.goodcategory", "pk": 168, "fields": {"title": "Игровые приставки (PlayStation, Xbox, Nintendo)", "description": "string", "parent": 141}}, {"model": "api.goodcategory", "pk": 169, "fields": {"title": "Геймпады и контроллеры", "description": "string", "parent": 141}}, {"model": "api.goodcategory", "pk": 170, "fields": {"title": "Игровые наушники", "description": "string", "parent": 141}}, {"model": "api.goodcategory", "pk": 171, "fields": {"title": "VR-очки", "description": "string", "parent": 141}}, {"model": "api.goodcategory", "pk": 172, "fields": {"title": "Игровые кресла", "description": "string", "parent": 141}}, {"model": "api.goodcategory", "pk": 173, "fields": {"title": "Умные розетки", "description": "string", "parent": 142}}, {"model": "api.goodcategory", "pk": 174, "fields": {"title": "Умные лампочки", "description": "string", "parent": 142}}, {"model": "api.goodcategory", "pk": 175, "fields": {"title": "Системы видеонаблюдения", "description": "string", "parent": 142}}, {"model": "api.goodcategory", "pk": 176, "fields": {"title": "Датчики движения", "description": "string", "parent": 142}}, {"model": "api.goodcategory", "pk": 177, "fields": {"title": "Умные замки", "description": "string", "parent": 142}}, {"model": "api.goodcategory", "pk": 178, "fields": {"title": "Голосовые помощники", "description": "string", "parent": 142}}, {"model": "api.goodcategory", "pk": 179, "fields": {"title": "Видеодомофоны", "description": "string", "parent": 142}}, {"model": "api.goodcategory", "pk": 180, "fields": {"title": "Термостаты", "description": "string", "parent": 142}}, {"model": "api.goodcategory", "pk": 181, "fields": {"title": "Сигнализации", "description": "string", "parent": 142}}, {"model": "api.goodcategory", "pk": 182, "fields": {"title": "Цифровые фотоаппараты", "description": "string", "parent": 143}}, {"model": "api.goodcategory", "pk": 183, "fields": {"title": "Экшн-камеры (GoPro и аналоги)", "description": "string", "parent": 143}}, {"model": "api.goodcategory", "pk": 184, "fields": {"title": "Штативы и стабилизаторы", "description": "string", "parent": 143}}, {"model": "api.goodcategory", "pk": 185, "fields": {"title": "Объективы", "description": "string", "parent": 143}}, {"model": "api.goodcategory", "pk": 186, "fields": {"title": "Освещение для съёмки", "description": "string", "parent": 143}}, {"model": "api.goodcategory", "pk": 187, "fields": {"title": "Держатели для телефона", "description": "string", "parent": 139}}, {"model": "api.goodcategory", "pk": 188, "fields": {"title": "GPS-навигаторы", "description": "string", "parent": 139}}, {"model": "api.goodcategory", "pk": 189, "fields": {"title": "Камеры заднего вида", "description": "string", "parent": 139}}, {"model": "api.goodcategory", "pk": 190, "fields": {"title": "Bluetooth-адаптеры", "description": "string", "parent": 139}}, {"model": "api.goodcategory", "pk": 191, "fields": {"title": "Устройства слежения", "description": "string", "parent": 139}}, {"model": "api.goodcategory", "pk": 200, "fields": {"title": "Аксессуары для смартфонов и телефонов", "description": "test", "parent": 69}}, {"model": "api.goodcategory", "pk": 201, "fields": {"title": "Чехлы и плёнки", "description": "test", "parent": 69}}, {"model": "api.goodcategory", "pk": 202, "fields": {"title": "Браслеты здоровья", "description": "test", "parent": 140}}, {"model": "api.goodcategory", "pk": 203, "fields": {"title": "Аксессуары для часов", "description": "test", "parent": 140}}, {"model": "api.goodcategory", "pk": 204, "fields": {"title": "Зарядки для смарт-часов", "description": "test", "parent": 140}}, {"model": "api.goodcategory", "pk": 205, "fields": {"title": "Часы для пожилых", "description": "test", "parent": 140}}, {"model": "api.goodcategory", "pk": 206, "fields": {"title": "Спортивные часы", "description": "test", "parent": 140}}, {"model": "api.goodcategory", "pk": 207, "fields": {"title": "Умные кольца", "description": "test", "parent": 140}}, {"model": "api.goodcategory", "pk": 208, "fields": {"title": "Портативная техника", "description": "test", "parent": 2}}, {"model": "api.goodcategory", "pk": 209, "fields": {"title": "Электронные книги", "description": "test", "parent": 208}}, {"model": "api.goodcategory", "pk": 210, "fields": {"title": "Мини-проекторы", "description": "test", "parent": 208}}, {"model": "api.goodcategory", "pk": 215, "fields": {"title": "Карманные принтеры", "description": "test", "parent": 208}}, {"model": "api.goodcategory", "pk": 216, "fields": {"title": "Мини-кондиционеры", "description": "test", "parent": 208}}, {"model": "api.goodcategory", "pk": 217, "fields": {"title": "Переводчики", "description": "test", "parent": 208}}, {"model": "api.goodcategory", "pk": 218, "fields": {"title": "Лазерные указки", "description": "test", "parent": 208}}, {"model": "api.goodcategory", "pk": 219, "fields": {"title": "Увлажнители USB", "description": "test", "parent": 208}}, {"model": "api.goodcategory", "pk": 220, "fields": {"title": "Аудио и видео техника", "description": "test", "parent": 2}}, {"model": "api.goodcategory", "pk": 221, "fields": {"title": "Колонки Bluetooth", "description": "test", "parent": 220}}, {"model": "api.goodcategory", "pk": 222, "fields": {"title": "Саундбары", "description": "test", "parent": 220}}, {"model": "api.goodcategory", "pk": 223, "fields": {"title": "Домашние кинотеатры", "description": "test", "parent": 220}}, {"model": "api.goodcategory", "pk": 224, "fields": {"title": "Портативные плееры", "description": "test", "parent": 220}}, {"model": "api.goodcategory", "pk": 225, "fields": {"title": "Радиоприёмники", "description": "test", "parent": 220}}, {"model": "api.goodcategory", "pk": 226, "fields": {"title": "Компьютеры и ноутбуки", "description": "test", "parent": 2}}, {"model": "api.goodcategory", "pk": 227, "fields": {"title": "Ноутбуки", "description": "test", "parent": 226}}, {"model": "api.goodcategory", "pk": 228, "fields": {"title": "Мониторы", "description": "test", "parent": 226}}, {"model": "api.goodcategory", "pk": 229, "fields": {"title": "Клавиатуры и мыши", "description": "test", "parent": 226}}, {"model": "api.goodcategory", "pk": 230, "fields": {"title": "Подставки и охлаждение", "description": "test", "parent": 226}}, {"model": "api.goodcategory", "pk": 231, "fields": {"title": "Сумки и рюкзаки для ноутбуков", "description": "test", "parent": 226}}, {"model": "api.goodcategory", "pk": 232, "fields": {"title": "Женская одежда", "description": "test", "parent": 1}}, {"model": "api.goodcategory", "pk": 233, "fields": {"title": "Мужская одежда", "description": "test", "parent": 1}}, {"model": "api.goodcategory", "pk": 234, "fields": {"title": "Уход за одеждой", "description": "test", "parent": 1}}, {"model": "api.goodcategory", "pk": 235, "fields": {"title": "Женская обувь", "description": "test", "parent": 1}}, {"model": "api.goodcategory", "pk": 236, "fields": {"title": "Мужская обувь", "description": "test", "parent": 1}}, {"model": "api.goodcategory", "pk": 237, "fields": {"title": "Уход за обувью", "description": "test", "parent": 1}}, {"model": "api.goodcategory", "pk": 240, "fields": {"title": "Футболки и майки", "description": "test", "parent": 232}}, {"model": "api.goodcategory", "pk": 241, "fields": {"title": "Платья, сарафаны и юбки", "description": "test", "parent": 232}}, {"model": "api.goodcategory", "pk": 242, "fields": {"title": "Пиджаки и жакеты", "description": "test", "parent": 232}}, {"model": "api.goodcategory", "pk": 243, "fields": {"title": "Комбинезоны", "description": "test", "parent": 232}}, {"model": "api.goodcategory", "pk": 244, "fields": {"title": "Рубашки и блузки", "description": "test", "parent": 232}}, {"model": "api.goodcategory", "pk": 245, "fields": {"title": "Джинсы", "description": "test", "parent": 232}}, {"model": "api.goodcategory", "pk": 246, "fields": {"title": "Брюки", "description": "test", "parent": 232}}, {"model": "api.goodcategory", "pk": 247, "fields": {"title": "Джинсы", "description": "test", "parent": 233}}, {"model": "api.goodcategory", "pk": 248, "fields": {"title": "Брюки", "description": "test", "parent": 233}}, {"model": "api.goodcategory", "pk": 249, "fields": {"title": "Рубашки", "description": "test", "parent": 233}}, {"model": "api.goodcategory", "pk": 250, "fields": {"title": "Пиджаки и костюмы", "description": "test", "parent": 233}}, {"model": "api.goodcategory", "pk": 251, "fields": {"title": "Футболки и майки", "description": "test", "parent": 233}}, {"model": "api.goodcategory", "pk": 252, "fields": {"title": "Машинки для удаления катышков", "description": "test", "parent": 234}}, {"model": "api.goodcategory", "pk": 253, "fields": {"title": "Средства для ухода за одеждой", "description": "test", "parent": 234}}, {"model": "api.goodcategory", "pk": 254, "fields": {"title": "Ролики и щетки", "description": "test", "parent": 234}}, {"model": "api.goodcategory", "pk": 255, "fields": {"title": "Красители", "description": "test", "parent": 234}}, {"model": "api.goodcategory", "pk": 256, "fields": {"title": "Бретельки и резинки", "description": "test", "parent": 234}}, {"model": "api.goodcategory", "pk": 257, "fields": {"title": "Кроссовки и кеды", "description": "test", "parent": 235}}, {"model": "api.goodcategory", "pk": 258, "fields": {"title": "Туфли и балетки", "description": "test", "parent": 235}}, {"model": "api.goodcategory", "pk": 259, "fields": {"title": "Ботинки", "description": "test", "parent": 235}}, {"model": "api.goodcategory", "pk": 260, "fields": {"title": "Сапоги", "description": "test", "parent": 235}}, {"model": "api.goodcategory", "pk": 261, "fields": {"title": "Сандалии и босоножки", "description": "test", "parent": 235}}, {"model": "api.goodcategory", "pk": 262, "fields": {"title": "Макасины", "description": "test", "parent": 236}}, {"model": "api.goodcategory", "pk": 263, "fields": {"title": "Туфли", "description": "test", "parent": 236}}, {"model": "api.goodcategory", "pk": 264, "fields": {"title": "Ботинки", "description": "test", "parent": 236}}, {"model": "api.goodcategory", "pk": 265, "fields": {"title": "Кеды и кроссовки", "description": "test", "parent": 236}}, {"model": "api.goodcategory", "pk": 266, "fields": {"title": "Сандалии", "description": "test", "parent": 236}}, {"model": "api.goodcategory", "pk": 267, "fields": {"title": "Сапоги", "description": "test", "parent": 236}}, {"model": "api.goodcategory", "pk": 268, "fields": {"title": "Стельки", "description": "test", "parent": 237}}, {"model": "api.goodcategory", "pk": 269, "fields": {"title": "Шнурки", "description": "test", "parent": 237}}, {"model": "api.goodcategory", "pk": 270, "fields": {"title": "Сушилки для обуви", "description": "test", "parent": 237}}, {"model": "api.goodcategory", "pk": 272, "fields": {"title": "Ложки для обуви", "description": "test", "parent": 237}}, {"model": "api.goodcategory", "pk": 273, "fields": {"title": "Губки и щетки", "description": "test", "parent": 237}}, {"model": "api.goodcategory", "pk": 274, "fields": {"title": "Дача и сад", "description": "test", "parent": 3}}, {"model": "api.goodcategory", "pk": 275, "fields": {"title": "Текстиль", "description": "test", "parent": 3}}, {"model": "api.goodcategory", "pk": 276, "fields": {"title": "Хозяйственные товары", "description": "test", "parent": 3}}, {"model": "api.goodcategory", "pk": 277, "fields": {"title": "Декор и интерьер", "description": "test", "parent": 3}}, {"model": "api.goodcategory", "pk": 278, "fields": {"title": "Товары для бань и саун", "description": "test", "parent": 3}}, {"model": "api.goodcategory", "pk": 279, "fields": {"title": "Хранение вещей", "description": "test", "parent": 3}}, {"model": "api.goodcategory", "pk": 280, "fields": {"title": "Парники и теплицы", "description": "test", "parent": 274}}, {"model": "api.goodcategory", "pk": 281, "fields": {"title": "Садовые инструменты", "description": "test", "parent": 274}}, {"model": "api.goodcategory", "pk": 282, "fields": {"title": "Бассейны и аксессуары", "description": "test", "parent": 274}}, {"model": "api.goodcategory", "pk": 283, "fields": {"title": "Садовая мебель", "description": "test", "parent": 274}}, {"model": "api.goodcategory", "pk": 284, "fields": {"title": "Уборка снега", "description": "test", "parent": 274}}, {"model": "api.goodcategory", "pk": 285, "fields": {"title": "Постельное белье", "description": "test", "parent": 275}}, {"model": "api.goodcategory", "pk": 286, "fields": {"title": "Полотенца", "description": "test", "parent": 275}}, {"model": "api.goodcategory", "pk": 287, "fields": {"title": "Ковры", "description": "test", "parent": 275}}, {"model": "api.goodcategory", "pk": 288, "fields": {"title": "Шторы и карнизы", "description": "test", "parent": 275}}, {"model": "api.goodcategory", "pk": 289, "fields": {"title": "Подушки", "description": "test", "parent": 275}}, {"model": "api.goodcategory", "pk": 290, "fields": {"title": "Одеяла", "description": "test", "parent": 275}}, {"model": "api.goodcategory", "pk": 291, "fields": {"title": "Пледы и покрывала", "description": "test", "parent": 275}}, {"model": "api.goodcategory", "pk": 292, "fields": {"title": "Средства для стирки", "description": "test", "parent": 276}}, {"model": "api.goodcategory", "pk": 293, "fields": {"title": "Мусорные ведра и баки", "description": "test", "parent": 276}}, {"model": "api.goodcategory", "pk": 294, "fields": {"title": "Хозяйственные сумки", "description": "test", "parent": 276}}, {"model": "api.goodcategory", "pk": 295, "fields": {"title": "Средства для уборки", "description": "test", "parent": 276}}, {"model": "api.goodcategory", "pk": 296, "fields": {"title": "Лестницы", "description": "test", "parent": 276}}, {"model": "api.goodcategory", "pk": 297, "fields": {"title": "Часы и метеостанции", "description": "test", "parent": 277}}, {"model": "api.goodcategory", "pk": 298, "fields": {"title": "Свечи и подсвечники", "description": "test", "parent": 277}}, {"model": "api.goodcategory", "pk": 299, "fields": {"title": "Фоторамки и фотоальбомы", "description": "test", "parent": 277}}, {"model": "api.goodcategory", "pk": 300, "fields": {"title": "Зеркала", "description": "test", "parent": 277}}, {"model": "api.goodcategory", "pk": 301, "fields": {"title": "Картины", "description": "test", "parent": 277}}, {"model": "api.goodcategory", "pk": 302, "fields": {"title": "Веники для бань", "description": "test", "parent": 278}}, {"model": "api.goodcategory", "pk": 303, "fields": {"title": "Ведра, ковши, ушаты", "description": "test", "parent": 278}}, {"model": "api.goodcategory", "pk": 304, "fields": {"title": "Ароматизаторы и запарки", "description": "test", "parent": 278}}, {"model": "api.goodcategory", "pk": 305, "fields": {"title": "Купели", "description": "test", "parent": 278}}, {"model": "api.goodcategory", "pk": 306, "fields": {"title": "Органайзеры и разделители", "description": "test", "parent": 279}}, {"model": "api.goodcategory", "pk": 307, "fields": {"title": "Чехлы для одежды", "description": "test", "parent": 279}}, {"model": "api.goodcategory", "pk": 308, "fields": {"title": "Чехлы для обуви", "description": "test", "parent": 279}}, {"model": "api.goodcategory", "pk": 309, "fields": {"title": "Вешалки", "description": "test", "parent": 279}}, {"model": "api.goodcategory", "pk": 310, "fields": {"title": "Вакуумные пакеты", "description": "test", "parent": 279}}, {"model": "api.goodcategory", "pk": 311, "fields": {"title": "Товары для гигиены", "description": "test", "parent": 4}}, {"model": "api.goodcategory", "pk": 312, "fields": {"title": "Витамины и БАДы", "description": "test", "parent": 4}}, {"model": "api.goodcategory", "pk": 313, "fields": {"title": "Уход за волосами", "description": "test", "parent": 4}}, {"model": "api.goodcategory", "pk": 314, "fields": {"title": "Уход за лицом", "description": "test", "parent": 4}}, {"model": "api.goodcategory", "pk": 315, "fields": {"title": "Уход за телом", "description": "test", "parent": 4}}, {"model": "api.goodcategory", "pk": 316, "fields": {"title": "Антисептические средства", "description": "test", "parent": 311}}, {"model": "api.goodcategory", "pk": 317, "fields": {"title": "Гигиена полости рта", "description": "test", "parent": 311}}, {"model": "api.goodcategory", "pk": 318, "fields": {"title": "Гигиена тела", "description": "test", "parent": 311}}, {"model": "api.goodcategory", "pk": 319, "fields": {"title": "Детская гигиена", "description": "test", "parent": 311}}, {"model": "api.goodcategory", "pk": 320, "fields": {"title": "Товары для мужского бритья", "description": "test", "parent": 311}}, {"model": "api.goodcategory", "pk": 321, "fields": {"title": "Витамины", "description": "test", "parent": 312}}, {"model": "api.goodcategory", "pk": 322, "fields": {"title": "БАД", "description": "test", "parent": 312}}, {"model": "api.goodcategory", "pk": 323, "fields": {"title": "Шампуни и кондиционеры", "description": "test", "parent": 313}}, {"model": "api.goodcategory", "pk": 324, "fields": {"title": "Масла и сыворотки", "description": "test", "parent": 313}}, {"model": "api.goodcategory", "pk": 325, "fields": {"title": "Расчески и щетки", "description": "test", "parent": 313}}, {"model": "api.goodcategory", "pk": 326, "fields": {"title": "Средства для укладки", "description": "test", "parent": 313}}, {"model": "api.goodcategory", "pk": 327, "fields": {"title": "Очищение и умывание", "description": "test", "parent": 314}}, {"model": "api.goodcategory", "pk": 328, "fields": {"title": "Скрабы и пилинги", "description": "test", "parent": 314}}, {"model": "api.goodcategory", "pk": 329, "fields": {"title": "Увлажнение и питание", "description": "test", "parent": 314}}, {"model": "api.goodcategory", "pk": 330, "fields": {"title": "Маски", "description": "test", "parent": 314}}, {"model": "api.goodcategory", "pk": 331, "fields": {"title": "Патчи", "description": "test", "parent": 314}}, {"model": "api.goodcategory", "pk": 332, "fields": {"title": "Мочалки", "description": "test", "parent": 315}}, {"model": "api.goodcategory", "pk": 333, "fields": {"title": "Мыло и гели для душа", "description": "test", "parent": 315}}, {"model": "api.goodcategory", "pk": 334, "fields": {"title": "Кремы", "description": "test", "parent": 315}}, {"model": "api.goodcategory", "pk": 335, "fields": {"title": "Скрабы и пилинги", "description": "test", "parent": 315}}, {"model": "api.goodcategory", "pk": 336, "fields": {"title": "Дезодоранты", "description": "test", "parent": 315}}, {"model": "api.goodcategory", "pk": 337, "fields": {"title": "Спортивное питание", "description": "test", "parent": 5}}, {"model": "api.goodcategory", "pk": 338, "fields": {"title": "Теннис и бадминтон", "description": "test", "parent": 5}}, {"model": "api.goodcategory", "pk": 339, "fields": {"title": "Тренажеры", "description": "test", "parent": 5}}, {"model": "api.goodcategory", "pk": 340, "fields": {"title": "Активные виды отдыха", "description": "test", "parent": 5}}, {"model": "api.goodcategory", "pk": 341, "fields": {"title": "Протеины и углеводы", "description": "test", "parent": 337}}, {"model": "api.goodcategory", "pk": 342, "fields": {"title": "Анаболики и тестостероны", "description": "test", "parent": 337}}, {"model": "api.goodcategory", "pk": 343, "fields": {"title": "Батончики", "description": "test", "parent": 337}}, {"model": "api.goodcategory", "pk": 344, "fields": {"title": "Шейкеры", "description": "test", "parent": 337}}, {"model": "api.goodcategory", "pk": 345, "fields": {"title": "Средства для снижения веса", "description": "test", "parent": 337}}, {"model": "api.goodcategory", "pk": 346, "fields": {"title": "Большой теннис", "description": "test", "parent": 338}}, {"model": "api.goodcategory", "pk": 347, "fields": {"title": "Настольный теннис", "description": "test", "parent": 338}}, {"model": "api.goodcategory", "pk": 348, "fields": {"title": "Бадминтон", "description": "test", "parent": 338}}, {"model": "api.goodcategory", "pk": 349, "fields": {"title": "Скамьи и стойки", "description": "test", "parent": 339}}, {"model": "api.goodcategory", "pk": 350, "fields": {"title": "Мини-тренажеры", "description": "test", "parent": 339}}, {"model": "api.goodcategory", "pk": 351, "fields": {"title": "Степперы", "description": "test", "parent": 339}}, {"model": "api.goodcategory", "pk": 352, "fields": {"title": "Велотренажеры", "description": "test", "parent": 339}}, {"model": "api.goodcategory", "pk": 353, "fields": {"title": "Беговые дорожки", "description": "test", "parent": 339}}, {"model": "api.goodcategory", "pk": 354, "fields": {"title": "Эллиптические тренажеры", "description": "test", "parent": 339}}, {"model": "api.goodcategory", "pk": 355, "fields": {"title": "Гребные тренажеры", "description": "test", "parent": 339}}, {"model": "api.goodcategory", "pk": 356, "fields": {"title": "Бильярд", "description": "test", "parent": 340}}, {"model": "api.goodcategory", "pk": 357, "fields": {"title": "Батуты", "description": "test", "parent": 340}}, {"model": "api.goodcategory", "pk": 358, "fields": {"title": "Дартс", "description": "test", "parent": 340}}, {"model": "api.goodcategory", "pk": 359, "fields": {"title": "Палки для спортивной ходьбы", "description": "test", "parent": 340}}, {"model": "api.goodcategory", "pk": 360, "fields": {"title": "Для кошек", "description": "test", "parent": 6}}, {"model": "api.goodcategory", "pk": 361, "fields": {"title": "Для собак", "description": "test", "parent": 6}}, {"model": "api.goodcategory", "pk": 362, "fields": {"title": "Для грызунов", "description": "test", "parent": 6}}, {"model": "api.goodcategory", "pk": 363, "fields": {"title": "Для птиц", "description": "test", "parent": 6}}, {"model": "api.goodcategory", "pk": 364, "fields": {"title": "Для рыб и рептилий", "description": "test", "parent": 6}}, {"model": "api.goodcategory", "pk": 365, "fields": {"title": "Корма и лакомства", "description": "test", "parent": 360}}, {"model": "api.goodcategory", "pk": 366, "fields": {"title": "Туалеты и наполнители", "description": "test", "parent": 360}}, {"model": "api.goodcategory", "pk": 367, "fields": {"title": "Когтеточки и домики", "description": "test", "parent": 360}}, {"model": "api.goodcategory", "pk": 368, "fields": {"title": "Лежанки", "description": "test", "parent": 360}}, {"model": "api.goodcategory", "pk": 369, "fields": {"title": "Переноски", "description": "test", "parent": 360}}, {"model": "api.goodcategory", "pk": 370, "fields": {"title": "Корма и лакомства", "description": "test", "parent": 361}}, {"model": "api.goodcategory", "pk": 371, "fields": {"title": "Лежанки и домики", "description": "test", "parent": 361}}, {"model": "api.goodcategory", "pk": 372, "fields": {"title": "Игрушки", "description": "test", "parent": 361}}, {"model": "api.goodcategory", "pk": 373, "fields": {"title": "Вальеры и будки", "description": "test", "parent": 361}}, {"model": "api.goodcategory", "pk": 374, "fields": {"title": "Корма и лакомства", "description": "test", "parent": 362}}, {"model": "api.goodcategory", "pk": 375, "fields": {"title": "Клетки", "description": "test", "parent": 362}}, {"model": "api.goodcategory", "pk": 376, "fields": {"title": "Миски и поилки", "description": "test", "parent": 362}}, {"model": "api.goodcategory", "pk": 377, "fields": {"title": "Переноски", "description": "test", "parent": 362}}, {"model": "api.goodcategory", "pk": 378, "fields": {"title": "Домики и лежаки", "description": "test", "parent": 362}}, {"model": "api.goodcategory", "pk": 379, "fields": {"title": "Корма и лакомства", "description": "test", "parent": 363}}, {"model": "api.goodcategory", "pk": 380, "fields": {"title": "Клетки", "description": "test", "parent": 363}}, {"model": "api.goodcategory", "pk": 381, "fields": {"title": "Кормушки и поилки", "description": "test", "parent": 363}}, {"model": "api.goodcategory", "pk": 382, "fields": {"title": "Игрушки", "description": "test", "parent": 363}}, {"model": "api.goodcategory", "pk": 383, "fields": {"title": "Аквариумы и аксессуары", "description": "test", "parent": 364}}, {"model": "api.goodcategory", "pk": 384, "fields": {"title": "Террариумы и аксессуары", "description": "test", "parent": 364}}, {"model": "api.goodcategory", "pk": 385, "fields": {"title": "Корма для рыб", "description": "test", "parent": 364}}, {"model": "api.goodcategory", "pk": 386, "fields": {"title": "Корма для рептилий", "description": "test", "parent": 364}}, {"model": "api.goodcategory", "pk": 387, "fields": {"title": "Игрушки и игры", "description": "test", "parent": 7}}, {"model": "api.goodcategory", "pk": 388, "fields": {"title": "Детская гигиена", "description": "test", "parent": 7}}, {"model": "api.goodcategory", "pk": 389, "fields": {"title": "Детская одежда", "description": "test", "parent": 7}}, {"model": "api.goodcategory", "pk": 390, "fields": {"title": "Товары для кормления", "description": "test", "parent": 7}}, {"model": "api.goodcategory", "pk": 391, "fields": {"title": "Мягкие игрушки", "description": "test", "parent": 387}}, {"model": "api.goodcategory", "pk": 392, "fields": {"title": "Развивающие игры", "description": "test", "parent": 387}}, {"model": "api.goodcategory", "pk": 393, "fields": {"title": "Настольные игры", "description": "test", "parent": 387}}, {"model": "api.goodcategory", "pk": 394, "fields": {"title": "Игрушки антистресс", "description": "test", "parent": 387}}, {"model": "api.goodcategory", "pk": 395, "fields": {"title": "Подгузники и трусы", "description": "test", "parent": 388}}, {"model": "api.goodcategory", "pk": 396, "fields": {"title": "Пеленки и клеенки", "description": "test", "parent": 388}}, {"model": "api.goodcategory", "pk": 397, "fields": {"title": "Горшки и детские сиденья", "description": "test", "parent": 388}}, {"model": "api.goodcategory", "pk": 398, "fields": {"title": "Средства для купания", "description": "test", "parent": 388}}, {"model": "api.goodcategory", "pk": 399, "fields": {"title": "Девочкам", "description": "test", "parent": 389}}, {"model": "api.goodcategory", "pk": 400, "fields": {"title": "Мальчикам", "description": "test", "parent": 389}}, {"model": "api.goodcategory", "pk": 401, "fields": {"title": "Новорожденным", "description": "test", "parent": 389}}, {"model": "api.goodcategory", "pk": 402, "fields": {"title": "Для школы", "description": "test", "parent": 389}}, {"model": "api.goodcategory", "pk": 403, "fields": {"title": "Пустышки и соски", "description": "test", "parent": 390}}, {"model": "api.goodcategory", "pk": 404, "fields": {"title": "Бутылочки для кормления", "description": "test", "parent": 390}}, {"model": "api.goodcategory", "pk": 405, "fields": {"title": "Стерилизаторы", "description": "test", "parent": 390}}, {"model": "api.goodcategory", "pk": 406, "fields": {"title": "Слюнявчики и нагрудники", "description": "test", "parent": 390}}, {"model": "api.goodcategory", "pk": 407, "fields": {"title": "Стульчики для кормления", "description": "test", "parent": 390}}, {"model": "api.goodcategory", "pk": 408, "fields": {"title": "Письменные принадлежности", "description": "test", "parent": 8}}, {"model": "api.goodcategory", "pk": 409, "fields": {"title": "Чертежные принадлежности", "description": "test", "parent": 8}}, {"model": "api.goodcategory", "pk": 410, "fields": {"title": "Офисные принадлежности", "description": "test", "parent": 8}}, {"model": "api.goodcategory", "pk": 411, "fields": {"title": "Бумажная продукция", "description": "test", "parent": 8}}, {"model": "api.goodcategory", "pk": 412, "fields": {"title": "Учебная литература", "description": "test", "parent": 8}}, {"model": "api.goodcategory", "pk": 413, "fields": {"title": "Нехудожественная литература", "description": "test", "parent": 8}}, {"model": "api.goodcategory", "pk": 414, "fields": {"title": "Художественная литература", "description": "test", "parent": 8}}, {"model": "api.goodcategory", "pk": 415, "fields": {"title": "Ручки и карандаши", "description": "test", "parent": 408}}, {"model": "api.goodcategory", "pk": 416, "fields": {"title": "Маркеры и фломастеры", "description": "test", "parent": 408}}, {"model": "api.goodcategory", "pk": 417, "fields": {"title": "Ластики", "description": "test", "parent": 408}}, {"model": "api.goodcategory", "pk": 418, "fields": {"title": "Мелки и пастель", "description": "test", "parent": 408}}, {"model": "api.goodcategory", "pk": 419, "fields": {"title": "Кисти", "description": "test", "parent": 408}}, {"model": "api.goodcategory", "pk": 420, "fields": {"title": "Линейки", "description": "test", "parent": 409}}, {"model": "api.goodcategory", "pk": 421, "fields": {"title": "Циркули", "description": "test", "parent": 409}}, {"model": "api.goodcategory", "pk": 422, "fields": {"title": "Угольники", "description": "test", "parent": 409}}, {"model": "api.goodcategory", "pk": 423, "fields": {"title": "Транспортиры", "description": "test", "parent": 409}}, {"model": "api.goodcategory", "pk": 424, "fields": {"title": "Тубусы для чертежей", "description": "test", "parent": 409}}, {"model": "api.goodcategory", "pk": 425, "fields": {"title": "Клейкая лента", "description": "test", "parent": 410}}, {"model": "api.goodcategory", "pk": 426, "fields": {"title": "Лупы", "description": "test", "parent": 410}}, {"model": "api.goodcategory", "pk": 427, "fields": {"title": "Канцелярские ножницы и ножи", "description": "test", "parent": 410}}, {"model": "api.goodcategory", "pk": 428, "fields": {"title": "Клей", "description": "test", "parent": 410}}, {"model": "api.goodcategory", "pk": 429, "fields": {"title": "Степлеры и скобы", "description": "test", "parent": 410}}, {"model": "api.goodcategory", "pk": 430, "fields": {"title": "Дыроколы", "description": "test", "parent": 410}}, {"model": "api.goodcategory", "pk": 431, "fields": {"title": "Тетради", "description": "test", "parent": 411}}, {"model": "api.goodcategory", "pk": 432, "fields": {"title": "Блокноты", "description": "test", "parent": 411}}, {"model": "api.goodcategory", "pk": 433, "fields": {"title": "Дневники", "description": "test", "parent": 411}}, {"model": "api.goodcategory", "pk": 434, "fields": {"title": "Наклейки", "description": "test", "parent": 411}}, {"model": "api.goodcategory", "pk": 435, "fields": {"title": "Закладки", "description": "test", "parent": 411}}, {"model": "api.goodcategory", "pk": 436, "fields": {"title": "Календари", "description": "test", "parent": 411}}, {"model": "api.goodcategory", "pk": 437, "fields": {"title": "Конверты", "description": "test", "parent": 411}}, {"model": "api.goodcategory", "pk": 438, "fields": {"title": "1 класс", "description": "test", "parent": 412}}, {"model": "api.goodcategory", "pk": 439, "fields": {"title": "2 класс", "description": "test", "parent": 412}}, {"model": "api.goodcategory", "pk": 440, "fields": {"title": "3 класс", "description": "test", "parent": 412}}, {"model": "api.goodcategory", "pk": 441, "fields": {"title": "4 класс", "description": "test", "parent": 412}}, {"model": "api.goodcategory", "pk": 442, "fields": {"title": "5 класс", "description": "test", "parent": 412}}, {"model": "api.goodcategory", "pk": 443, "fields": {"title": "6 класс", "description": "test", "parent": 412}}, {"model": "api.goodcategory", "pk": 444, "fields": {"title": "7 класс", "description": "test", "parent": 412}}, {"model": "api.goodcategory", "pk": 445, "fields": {"title": "8 класс", "description": "test", "parent": 412}}, {"model": "api.goodcategory", "pk": 446, "fields": {"title": "9 класс", "description": "test", "parent": 412}}, {"model": "api.goodcategory", "pk": 447, "fields": {"title": "10 класс", "description": "test", "parent": 412}}, {"model": "api.goodcategory", "pk": 448, "fields": {"title": "11 класс", "description": "test", "parent": 412}}, {"model": "api.goodcategory", "pk": 449, "fields": {"title": "Саморазвитие", "description": "test", "parent": 413}}, {"model": "api.goodcategory", "pk": 450, "fields": {"title": "Психология", "description": "test", "parent": 413}}, {"model": "api.goodcategory", "pk": 451, "fields": {"title": "Медицина", "description": "test", "parent": 413}}, {"model": "api.goodcategory", "pk": 452, "fields": {"title": "История", "description": "test", "parent": 413}}, {"model": "api.goodcategory", "pk": 453, "fields": {"title": "Научная и научно-популярная литература", "description": "test", "parent": 413}}, {"model": "api.goodcategory", "pk": 454, "fields": {"title": "Детективы", "description": "test", "parent": 414}}, {"model": "api.goodcategory", "pk": 455, "fields": {"title": "Фэнтези", "description": "test", "parent": 414}}, {"model": "api.goodcategory", "pk": 456, "fields": {"title": "Фантастика", "description": "test", "parent": 414}}, {"model": "api.goodcategory", "pk": 457, "fields": {"title": "Ужасы и триллеры", "description": "test", "parent": 414}}, {"model": "api.goodcategory", "pk": 458, "fields": {"title": "Проза", "description": "test", "parent": 414}}, {"model": "api.goodcategory", "pk": 459, "fields": {"title": "Украшения и декорации", "description": "test", "parent": 9}}, {"model": "api.goodcategory", "pk": 460, "fields": {"title": "Фейерверки и салюты", "description": "test", "parent": 9}}, {"model": "api.goodcategory", "pk": 461, "fields": {"title": "Для Нового года и Рождества", "description": "test", "parent": 9}}, {"model": "api.goodcategory", "pk": 462, "fields": {"title": "Для дня рождения", "description": "test", "parent": 9}}, {"model": "api.goodcategory", "pk": 463, "fields": {"title": "Свадебные товары", "description": "test", "parent": 9}}, {"model": "api.goodcategory", "pk": 464, "fields": {"title": "Подарочные упаковки", "description": "test", "parent": 9}}, {"model": "api.goodcategory", "pk": 465, "fields": {"title": "Гирлянды", "description": "test", "parent": 459}}, {"model": "api.goodcategory", "pk": 466, "fields": {"title": "Воздушные шары", "description": "test", "parent": 459}}, {"model": "api.goodcategory", "pk": 467, "fields": {"title": "Вывески", "description": "test", "parent": 459}}, {"model": "api.goodcategory", "pk": 468, "fields": {"title": "Искусственные цветы", "description": "test", "parent": 459}}, {"model": "api.goodcategory", "pk": 469, "fields": {"title": "Фейерверки", "description": "test", "parent": 460}}, {"model": "api.goodcategory", "pk": 470, "fields": {"title": "Салюты", "description": "test", "parent": 460}}, {"model": "api.goodcategory", "pk": 471, "fields": {"title": "Петарды", "description": "test", "parent": 460}}, {"model": "api.goodcategory", "pk": 472, "fields": {"title": "Хлопушки", "description": "test", "parent": 460}}, {"model": "api.goodcategory", "pk": 473, "fields": {"title": "Бенгальские огни", "description": "test", "parent": 460}}, {"model": "api.goodcategory", "pk": 474, "fields": {"title": "Елки", "description": "test", "parent": 461}}, {"model": "api.goodcategory", "pk": 475, "fields": {"title": "Венки", "description": "test", "parent": 461}}, {"model": "api.goodcategory", "pk": 476, "fields": {"title": "Гирлянды", "description": "test", "parent": 461}}, {"model": "api.goodcategory", "pk": 477, "fields": {"title": "Мишура", "description": "test", "parent": 461}}, {"model": "api.goodcategory", "pk": 478, "fields": {"title": "Открытки", "description": "test", "parent": 461}}, {"model": "api.goodcategory", "pk": 479, "fields": {"title": "Воздушные шары", "description": "test", "parent": 462}}, {"model": "api.goodcategory", "pk": 480, "fields": {"title": "Открытки", "description": "test", "parent": 462}}, {"model": "api.goodcategory", "pk": 481, "fields": {"title": "Вывески", "description": "test", "parent": 462}}, {"model": "api.goodcategory", "pk": 482, "fields": {"title": "Колпаки и аксессуары", "description": "test", "parent": 462}}, {"model": "api.goodcategory", "pk": 483, "fields": {"title": "Свечи для торта", "description": "test", "parent": 462}}, {"model": "api.goodcategory", "pk": 484, "fields": {"title": "Украшения на машину", "description": "test", "parent": 463}}, {"model": "api.goodcategory", "pk": 485, "fields": {"title": "Открытки", "description": "test", "parent": 463}}, {"model": "api.goodcategory", "pk": 486, "fields": {"title": "Хлопушки", "description": "test", "parent": 463}}, {"model": "api.goodcategory", "pk": 487, "fields": {"title": "Вывески", "description": "test", "parent": 463}}, {"model": "api.goodcategory", "pk": 488, "fields": {"title": "Воздушные шары", "description": "test", "parent": 463}}, {"model": "api.goodcategory", "pk": 489, "fields": {"title": "Подарочные коробки", "description": "test", "parent": 464}}, {"model": "api.goodcategory", "pk": 490, "fields": {"title": "Подарочная бумага", "description": "test", "parent": 464}}, {"model": "api.goodcategory", "pk": 491, "fields": {"title": "Рукоделие", "description": "test", "parent": 10}}, {"model": "api.goodcategory", "pk": 493, "fields": {"title": "Раскрашивание и роспись", "description": "test", "parent": 10}}, {"model": "api.goodcategory", "pk": 494, "fields": {"title": "Настольные и карточные игры", "description": "test", "parent": 10}}, {"model": "api.goodcategory", "pk": 495, "fields": {"title": "Пазлы и головоломки", "description": "test", "parent": 10}}, {"model": "api.goodcategory", "pk": 496, "fields": {"title": "Валяние", "description": "test", "parent": 491}}, {"model": "api.goodcategory", "pk": 497, "fields": {"title": "Вышивание", "description": "test", "parent": 491}}, {"model": "api.goodcategory", "pk": 498, "fields": {"title": "Вязание", "description": "test", "parent": 491}}, {"model": "api.goodcategory", "pk": 499, "fields": {"title": "Инструменты и инвентарь", "description": "test", "parent": 491}}, {"model": "api.goodcategory", "pk": 500, "fields": {"title": "Аксессуары и материалы", "description": "test", "parent": 491}}, {"model": "api.goodcategory", "pk": 501, "fields": {"title": "Выжигание и поделки из дерева", "description": "test", "parent": 491}}, {"model": "api.goodcategory", "pk": 502, "fields": {"title": "Раскраски", "description": "test", "parent": 493}}, {"model": "api.goodcategory", "pk": 503, "fields": {"title": "Аэрография", "description": "test", "parent": 493}}, {"model": "api.goodcategory", "pk": 504, "fields": {"title": "Наборы для росписи", "description": "test", "parent": 493}}, {"model": "api.goodcategory", "pk": 505, "fields": {"title": "Картины по номерам", "description": "test", "parent": 493}}, {"model": "api.goodcategory", "pk": 506, "fields": {"title": "Настольные игры", "description": "test", "parent": 494}}, {"model": "api.goodcategory", "pk": 507, "fields": {"title": "Ходилки", "description": "test", "parent": 494}}, {"model": "api.goodcategory", "pk": 508, "fields": {"title": "Карточные игры", "description": "test", "parent": 494}}, {"model": "api.goodcategory", "pk": 509, "fields": {"title": "Наборы для покера", "description": "test", "parent": 494}}, {"model": "api.goodcategory", "pk": 510, "fields": {"title": "Игральные карты", "description": "test", "parent": 494}}, {"model": "api.goodcategory", "pk": 511, "fields": {"title": "Пазлы", "description": "test", "parent": 495}}, {"model": "api.goodcategory", "pk": 512, "fields": {"title": "Головоломки", "description": "test", "parent": 495}}, {"model": "api.goodcategory", "pk": 513, "fields": {"title": "Кольца", "description": "test", "parent": 11}}, {"model": "api.goodcategory", "pk": 514, "fields": {"title": "Серьги", "description": "test", "parent": 11}}, {"model": "api.goodcategory", "pk": 515, "fields": {"title": "Браслеты", "description": "test", "parent": 11}}, {"model": "api.goodcategory", "pk": 516, "fields": {"title": "Украшения на шею", "description": "test", "parent": 11}}, {"model": "api.goodcategory", "pk": 517, "fields": {"title": "Золотые", "description": "test", "parent": 513}}, {"model": "api.goodcategory", "pk": 518, "fields": {"title": "Серебряные", "description": "test", "parent": 513}}, {"model": "api.goodcategory", "pk": 519, "fields": {"title": "С бриллиантами", "description": "test", "parent": 513}}, {"model": "api.goodcategory", "pk": 520, "fields": {"title": "Платиновые", "description": "test", "parent": 513}}, {"model": "api.goodcategory", "pk": 521, "fields": {"title": "Золотые", "description": "test", "parent": 514}}, {"model": "api.goodcategory", "pk": 522, "fields": {"title": "Серебряные", "description": "test", "parent": 514}}, {"model": "api.goodcategory", "pk": 523, "fields": {"title": "Платиновые", "description": "test", "parent": 514}}, {"model": "api.goodcategory", "pk": 524, "fields": {"title": "С бриллиантами", "description": "test", "parent": 514}}, {"model": "api.goodcategory", "pk": 525, "fields": {"title": "Золотые", "description": "test", "parent": 515}}, {"model": "api.goodcategory", "pk": 526, "fields": {"title": "Серебряные", "description": "test", "parent": 515}}, {"model": "api.goodcategory", "pk": 527, "fields": {"title": "Платиновые", "description": "test", "parent": 515}}, {"model": "api.goodcategory", "pk": 528, "fields": {"title": "Золотые", "description": "test", "parent": 516}}, {"model": "api.goodcategory", "pk": 529, "fields": {"title": "Серебряные", "description": "test", "parent": 516}}, {"model": "api.goodcategory", "pk": 530, "fields": {"title": "Платиновые", "description": "test", "parent": 516}}, {"model": "api.goodcategory", "pk": 531, "fields": {"title": "Мягкая мебель", "description": "test", "parent": 12}}, {"model": "api.goodcategory", "pk": 532, "fields": {"title": "Столы и стулья", "description": "test", "parent": 12}}, {"model": "api.goodcategory", "pk": 533, "fields": {"title": "Мебель для спальни и комплектующие", "description": "test", "parent": 12}}, {"model": "api.goodcategory", "pk": 534, "fields": {"title": "Диваны", "description": "test", "parent": 531}}, {"model": "api.goodcategory", "pk": 535, "fields": {"title": "Кресла", "description": "test", "parent": 531}}, {"model": "api.goodcategory", "pk": 536, "fields": {"title": "Кресла-качалки", "description": "test", "parent": 531}}, {"model": "api.goodcategory", "pk": 537, "fields": {"title": "Пуфы и банкетки", "description": "test", "parent": 531}}, {"model": "api.goodcategory", "pk": 538, "fields": {"title": "Столы", "description": "test", "parent": 532}}, {"model": "api.goodcategory", "pk": 539, "fields": {"title": "Стулья", "description": "test", "parent": 532}}, {"model": "api.goodcategory", "pk": 540, "fields": {"title": "Табуреты", "description": "test", "parent": 532}}, {"model": "api.goodcategory", "pk": 541, "fields": {"title": "Туалетные столики и консоли", "description": "test", "parent": 532}}, {"model": "api.goodcategory", "pk": 542, "fields": {"title": "Кровати", "description": "test", "parent": 533}}, {"model": "api.goodcategory", "pk": 543, "fields": {"title": "Матрасы", "description": "test", "parent": 533}}, {"model": "api.goodcategory", "pk": 544, "fields": {"title": "Раскладушки", "description": "test", "parent": 533}}, {"model": "api.goodcategory", "pk": 545, "fields": {"title": "Чай, кофе и какао", "description": "test", "parent": 13}}, {"model": "api.goodcategory", "pk": 546, "fields": {"title": "Масла, соусы и специи", "description": "test", "parent": 13}}, {"model": "api.goodcategory", "pk": 547, "fields": {"title": "Выпечка и сладости", "description": "test", "parent": 13}}, {"model": "api.goodcategory", "pk": 548, "fields": {"title": "Макароны, крупы и мука", "description": "test", "parent": 13}}, {"model": "api.goodcategory", "pk": 549, "fields": {"title": "Орехи и снеки", "description": "test", "parent": 13}}, {"model": "api.goodcategory", "pk": 550, "fields": {"title": "Чай", "description": "test", "parent": 545}}, {"model": "api.goodcategory", "pk": 551, "fields": {"title": "Кофе", "description": "test", "parent": 545}}, {"model": "api.goodcategory", "pk": 552, "fields": {"title": "Какао и горячий шоколад", "description": "test", "parent": 545}}, {"model": "api.goodcategory", "pk": 553, "fields": {"title": "Цикорий и кэроб", "description": "test", "parent": 545}}, {"model": "api.goodcategory", "pk": 554, "fields": {"title": "Специи, семена и сушеные овощи", "description": "test", "parent": 546}}, {"model": "api.goodcategory", "pk": 555, "fields": {"title": "Соусы", "description": "test", "parent": 546}}, {"model": "api.goodcategory", "pk": 556, "fields": {"title": "Масла", "description": "test", "parent": 546}}, {"model": "api.goodcategory", "pk": 557, "fields": {"title": "Сахар", "description": "test", "parent": 546}}, {"model": "api.goodcategory", "pk": 558, "fields": {"title": "Соль", "description": "test", "parent": 546}}, {"model": "api.goodcategory", "pk": 559, "fields": {"title": "Конфеты", "description": "test", "parent": 547}}, {"model": "api.goodcategory", "pk": 560, "fields": {"title": "Мармелад", "description": "test", "parent": 547}}, {"model": "api.goodcategory", "pk": 561, "fields": {"title": "Печенье, пряники и вафли", "description": "test", "parent": 547}}, {"model": "api.goodcategory", "pk": 562, "fields": {"title": "Шоколад и шоколадные батончики", "description": "test", "parent": 547}}, {"model": "api.goodcategory", "pk": 563, "fields": {"title": "Зефир и пастила", "description": "test", "parent": 547}}, {"model": "api.goodcategory", "pk": 564, "fields": {"title": "Жевательная резинка", "description": "test", "parent": 547}}, {"model": "api.goodcategory", "pk": 565, "fields": {"title": "Макаронные изделия", "description": "test", "parent": 548}}, {"model": "api.goodcategory", "pk": 566, "fields": {"title": "Крупы", "description": "test", "parent": 548}}, {"model": "api.goodcategory", "pk": 567, "fields": {"title": "Бобовые", "description": "test", "parent": 548}}, {"model": "api.goodcategory", "pk": 568, "fields": {"title": "Мука", "description": "test", "parent": 548}}, {"model": "api.goodcategory", "pk": 569, "fields": {"title": "Хлопья", "description": "test", "parent": 548}}, {"model": "api.goodcategory", "pk": 570, "fields": {"title": "Блюда быстрого приготовления", "description": "test", "parent": 548}}, {"model": "api.goodcategory", "pk": 571, "fields": {"title": "Орехи", "description": "test", "parent": 549}}, {"model": "api.goodcategory", "pk": 572, "fields": {"title": "Снеки и закуски", "description": "test", "parent": 549}}, {"model": "api.goodcategory", "pk": 573, "fields": {"title": "Смеси сухофруктов и орехов", "description": "test", "parent": 549}}, {"model": "api.goodcategory", "pk": 574, "fields": {"title": "Сухофрукты и цукаты", "description": "test", "parent": 549}}, {"model": "api.goodcategory", "pk": 575, "fields": {"title": "Инструменты", "description": "test", "parent": 14}}, {"model": "api.goodcategory", "pk": 576, "fields": {"title": "Освещение", "description": "test", "parent": 14}}, {"model": "api.goodcategory", "pk": 577, "fields": {"title": "Сантехника", "description": "test", "parent": 14}}, {"model": "api.goodcategory", "pk": 578, "fields": {"title": "Двери, окна, лестницы и комплектующие", "description": "test", "parent": 14}}, {"model": "api.goodcategory", "pk": 579, "fields": {"title": "Сварочное оборудование", "description": "test", "parent": 575}}, {"model": "api.goodcategory", "pk": 580, "fields": {"title": "Электроинструменты", "description": "test", "parent": 575}}, {"model": "api.goodcategory", "pk": 581, "fields": {"title": "Паяльное оборудование", "description": "test", "parent": 575}}, {"model": "api.goodcategory", "pk": 582, "fields": {"title": "Измерительные инструменты", "description": "test", "parent": 575}}, {"model": "api.goodcategory", "pk": 583, "fields": {"title": "Пневмоинструменты", "description": "test", "parent": 575}}, {"model": "api.goodcategory", "pk": 584, "fields": {"title": "Потолочные и подвесные светильники", "description": "test", "parent": 576}}, {"model": "api.goodcategory", "pk": 585, "fields": {"title": "Настенные светильники", "description": "test", "parent": 576}}, {"model": "api.goodcategory", "pk": 586, "fields": {"title": "Напольные и настольные светильники", "description": "test", "parent": 576}}, {"model": "api.goodcategory", "pk": 587, "fields": {"title": "Уличные светильники", "description": "test", "parent": 576}}, {"model": "api.goodcategory", "pk": 588, "fields": {"title": "Светодиодные ленты", "description": "test", "parent": 576}}, {"model": "api.goodcategory", "pk": 589, "fields": {"title": "Смесители и комплектующие", "description": "test", "parent": 577}}, {"model": "api.goodcategory", "pk": 590, "fields": {"title": "Раковины, умывальники и пьедесталы", "description": "test", "parent": 577}}, {"model": "api.goodcategory", "pk": 591, "fields": {"title": "Кухонные мойки", "description": "test", "parent": 577}}, {"model": "api.goodcategory", "pk": 592, "fields": {"title": "Души и душевые кабины", "description": "test", "parent": 577}}, {"model": "api.goodcategory", "pk": 593, "fields": {"title": "Унитазы и инсталляции", "description": "test", "parent": 577}}, {"model": "api.goodcategory", "pk": 594, "fields": {"title": "Ванны и комплектующие", "description": "test", "parent": 577}}, {"model": "api.goodcategory", "pk": 595, "fields": {"title": "Двери", "description": "test", "parent": 578}}, {"model": "api.goodcategory", "pk": 596, "fields": {"title": "Окна", "description": "test", "parent": 578}}, {"model": "api.goodcategory", "pk": 597, "fields": {"title": "Дверные звонки и комплектующие", "description": "test", "parent": 578}}, {"model": "api.goodcategory", "pk": 598, "fields": {"title": "Ручки, замки и фурнитура", "description": "test", "parent": 578}}, {"model": "api.goodcategory", "pk": 599, "fields": {"title": "Крыльцо и козырьки", "description": "test", "parent": 578}}, {"model": "api.characteristicscategory", "pk": 1, "fields": {"category": 102, "title": "Связь"}}, {"model": "api.characteristicscategory", "pk": 2, "fields": {"category": 2, "title": "О товаре"}}, {"model": "api.characteristicscategory", "pk": 35, "fields": {"category": 102, "title": "Камера"}}, {"model": "api.characteristicscategory", "pk": 36, "fields": {"category": 102, "title": "Корпус"}}, {"model": "api.characteristicscategory", "pk": 37, "fields": {"category": 102, "title": "Аккумулятор"}}, {"model": "api.characteristicscategory", "pk": 38, "fields": {"category": 149, "title": "Питание"}}, {"model": "api.characteristicscategory", "pk": 39, "fields": {"category": 1, "title": "О товаре"}}, {"model": "api.characteristicscategory", "pk": 40, "fields": {"category": 69, "title": "Дополнительные"}}, {"model": "api.characteristicscategory", "pk": 41, "fields": {"category": 3, "title": "О товаре"}}, {"model": "api.characteristicscategory", "pk": 42, "fields": {"category": 4, "title": "О товаре"}}, {"model": "api.characteristicscategory", "pk": 43, "fields": {"category": 5, "title": "О товаре"}}, {"model": "api.characteristicscategory", "pk": 44, "fields": {"category": 6, "title": "О товаре"}}, {"model": "api.characteristicscategory", "pk": 45, "fields": {"category": 7, "title": "О товаре"}}, {"model": "api.characteristicscategory", "pk": 46, "fields": {"category": 8, "title": "О товаре"}}, {"model": "api.characteristicscategory", "pk": 47, "fields": {"category": 9, "title": "О товаре"}}, {"model": "api.characteristicscategory", "pk": 48, "fields": {"category": 10, "title": "О товаре"}}, {"model": "api.characteristicscategory", "pk": 49, "fields": {"category": 11, "title": "О товаре"}}, {"model": "api.characteristicscategory", "pk": 50, "fields": {"category": 12, "title": "О товаре"}}, {"model": "api.characteristicscategory", "pk": 51, "fields": {"category": 2, "title": "Общие"}}, {"model": "api.characteristicscategory", "pk": 52, "fields": {"category": 13, "title": "О товаре"}}, {"model": "api.characteristicscategory", "pk": 53, "fields": {"category": 14, "title": "О товаре"}}, {"model": "api.characteristics", "pk": 1, "fields": {"category": 2, "title": "Тип"}}, {"model": "api.characteristics", "pk": 2, "fields": {"category": 2, "title": "Страна-изготовитель"}}, {"model": "api.characteristics", "pk": 3, "fields": {"category": 2, "title": "Гарантийный срок"}}, {"model": "api.characteristics", "pk": 4, "fields": {"category": 36, "title": "Основной материал корпуса"}}, {"model": "api.characteristics", "pk": 5, "fields": {"category": 2, "title": "Диагональ экрана"}}, {"model": "api.characteristics", "pk": 14, "fields": {"category": 37, "title": "Емкость аккумулятора, мАч"}}, {"model": "api.characteristics", "pk": 15, "fields": {"category": 36, "title": "Тип корпуса"}}, {"model": "api.characteristics", "pk": 16, "fields": {"category": 1, "title": "Беспроводные интерфейсы"}}, {"model": "api.characteristics", "pk": 17, "fields": {"category": 1, "title": "Стандарты связи"}}, {"model": "api.characteristics", "pk": 18, "fields": {"category": 1, "title": "Форм-фактор SIM"}}, {"model": "api.characteristics", "pk": 19, "fields": {"category": 1, "title": "Число физических SIM-карт"}}, {"model": "api.characteristics", "pk": 20, "fields": {"category": 37, "title": "Функции зарядки"}}, {"model": "api.characteristics", "pk": 21, "fields": {"category": 35, "title": "Разрешение основной камеры, Мпикс"}}, {"model": "api.characteristics", "pk": 22, "fields": {"category": 35, "title": "Количество основных камер"}}, {"model": "api.characteristics", "pk": 23, "fields": {"category": 35, "title": "Разрешение фронтальной (селфи) камеры, Мпикс"}}, {"model": "api.characteristics", "pk": 24, "fields": {"category": 2, "title": "Цвет"}}, {"model": "api.characteristics", "pk": 25, "fields": {"category": 38, "title": "Время работы от аккумулятора, дни"}}, {"model": "api.characteristics", "pk": 26, "fields": {"category": 38, "title": "Время зарядки аккумулятора, мин"}}, {"model": "api.characteristics", "pk": 27, "fields": {"category": 38, "title": "Метод зарядки"}}, {"model": "api.characteristics", "pk": 28, "fields": {"category": 38, "title": "Емкость аккумулятора, мАч"}}, {"model": "api.characteristics", "pk": 29, "fields": {"category": 38, "title": "Вид аккумулятора"}}, {"model": "api.characteristics", "pk": 32, "fields": {"category": 40, "title": "Вес"}}, {"model": "api.characteristics", "pk": 34, "fields": {"category": 51, "title": "Материал"}}, {"model": "api.gooditem", "pk": 1, "fields": {"name": "Чай черный листовой рассыпной Дикие Ягоды, 500 г. Чай и травы.", "description": "aaa", "price": 1084.0, "category": 1, "discount": 0.0, "visible": false, "apply": true, "user": 4, "warehouse_count": 0}}, {"model": "api.gooditem", "pk": 2, "fields": {"name": "Чай ягодный черный с клубникой и смородиной Императорский Десерт 100гр.", "description": "aaa", "price": 271.0, "category": null, "discount": 0.0, "visible": false, "apply": true, "user": 4, "warehouse_count": 0}}, {"model": "api.gooditem", "pk": 3, "fields": {"name": "Baizheng Чайник заварочный baizheng, 1500 мл", "description": "aaa", "price": 519.0, "category": null, "discount": 0.0, "visible": false, "apply": true, "user": 4, "warehouse_count": 0}}, {"model": "api.gooditem", "pk": 4, "fields": {"name": "Чай травяной Летний с ягодами иван чай с душицей, клубникой, малиной, земляникой, 50 гр", "description": "aaa", "price": 354.0, "category": null, "discount": 0.0, "visible": false, "apply": true, "user": 4, "warehouse_count": 0}}, {"model": "api.gooditem", "pk": 5, "fields": {"name": "Пальто Dene Весна-Осень 2025", "description": "aaa", "price": 6266.0, "category": null, "discount": 0.0, "visible": false, "apply": true, "user": 4, "warehouse_count": 0}}, {"model": "api.gooditem", "pk": 6, "fields": {"name": "Фен-щётка с ионизацией Tuvio HBI1415, 7 насадок, фиолетовый", "description": "aaa", "price": 8942.0, "category": null, "discount": 0.0, "visible": false, "apply": true, "user": 4, "warehouse_count": 0}}, {"model": "api.gooditem", "pk": 7, "fields": {"name": "Капучинатор вспениватель молока Raygood", "description": "aaa", "price": 144.0, "category": 2, "discount": 0.0, "visible": false, "apply": true, "user": 4, "warehouse_count": 0}}, {"model": "api.gooditem", "pk": 8, "fields": {"name": "Компактная посудомоечная машина Midea MCFD42900GMINI-i, с/без подключения к водопроводу", "description": "aaa", "price": 18611.0, "category": 2, "discount": 0.0, "visible": false, "apply": true, "user": 4, "warehouse_count": 0}}, {"model": "api.gooditem", "pk": 9, "fields": {"name": "Раствор для контактных линз универсальный, жидкость для линз, OPTIMED Comfort, (Оптимед)250 мл", "description": "aaa", "price": 285.0, "category": null, "discount": 0.0, "visible": false, "apply": true, "user": 4, "warehouse_count": 0}}, {"model": "api.gooditem", "pk": 10, "fields": {"name": "Контактные линзы FASHION -8.5 / 8.6 / 14.2 / 6 шт / 1 месяц", "description": "aaa", "price": 876.0, "category": null, "discount": 0.0, "visible": false, "apply": true, "user": 4, "warehouse_count": 0}}, {"model": "api.gooditem", "pk": 11, "fields": {"name": "Универсальный раствор для линз OPTIMED ПРО АКТИВ, 250 мл", "description": "aaa", "price": 248.0, "category": null, "discount": 0.0, "visible": false, "apply": true, "user": 4, "warehouse_count": 0}}, {"model": "api.gooditem", "pk": 27, "fields": {"name": "some name", "description": "some descrioption", "price": 1111.0, "category": null, "discount": 0.0, "visible": false, "apply": false, "user": 5, "warehouse_count": 0}}, {"model": "api.gooditem", "pk": 29, "fields": {"name": "test", "description": "test", "price": 11.0, "category": null, "discount": 0.0, "visible": false, "apply": false, "user": 5, "warehouse_count": 0}}, {"model": "api.gooditem", "pk": 30, "fields": {"name": "test", "description": "test", "price": 11.0, "category": null, "discount": 0.0, "visible": false, "apply": false, "user": 5, "warehouse_count": 0}}, {"model": "api.gooditem", "pk": 31, "fields": {"name": "test", "description": "test", "price": 11.0, "category": null, "discount": 0.0, "visible": false, "apply": false, "user": 5, "warehouse_count": 0}}, {"model": "api.gooditem", "pk": 32, "fields": {"name": "test", "description": "test", "price": 11.0, "category": null, "discount": 0.0, "visible": false, "apply": false, "user": 5, "warehouse_count": 0}}, {"model": "api.gooditem", "pk": 41, "fields": {"name": "Xiaomi Смартфон Redmi A5 4/128 ГБ, голубой", "description": "Xiaomi Смартфон Redmi A5 4/128 ГБ", "price": 6110.0, "category": 102, "discount": 0.0, "visible": true, "apply": false, "user": 1, "warehouse_count": 98}}, {"model": "api.gooditem", "pk": 42, "fields": {"name": "OPPO Смартфон A5 Pro Ростест (EAC) 8/256 ГБ, оливковый", "description": "OPPO Смартфон A5 Pro Ростест (EAC) 8/256 ГБ, оливковый. Комплектация: смартфон, защитная пленка (наклеена на экран), зарядное устройство, кабель Type-C, инструкция, скрепка для извлечения сим-карты", "price": 12599.0, "category": 102, "discount": 0.0, "visible": true, "apply": false, "user": 1, "warehouse_count": 93}}, {"model": "api.gooditem", "pk": 43, "fields": {"name": "Восстановленный Apple Смартфон iPhone 13 4/128 ГБ, белый", "description": "Восстановленный Apple Смартфон iPhone 13 4/128 ГБ, белый. Комплектация: Запаянная тонкая коробка, телефон в заводских пленках, провод Type-C - Lightning, скрепка для SIM-слота, книжка-инструкция", "price": 28742.0, "category": 149, "discount": 0.0, "visible": true, "apply": false, "user": 1, "warehouse_count": 100}}, {"model": "api.gooditem", "pk": 44, "fields": {"name": "Poco Смартфон M5S EU 8/256 ГБ, черно-серый, черный", "description": "Poco Смартфон M5S EU 8/256 ГБ", "price": 16251.0, "category": 102, "discount": 0.0, "visible": true, "apply": false, "user": 1, "warehouse_count": 98}}, {"model": "api.gooditem", "pk": 45, "fields": {"name": "Poco Смартфон POCO C75 EU 6/128 ГБ, зеленый", "description": "Poco Смартфон POCO C75 EU 6/128 ГБ", "price": 9000.0, "category": 102, "discount": 0.0, "visible": true, "apply": false, "user": 1, "warehouse_count": 199}}, {"model": "api.gooditem", "pk": 46, "fields": {"name": "Фитнес-браслет Xiaomi Smart Band 9, Mystic Rose", "description": "Умный браслет HUAWEI модель NOR-B19 — это новый спортивный браслет с цветным полностью сенсорным экраном, боковой кнопкой управления и водонепроницаемыми свойствами (на глубине до 50 метров). Умное носимое устройство оснащено широким набором функций, включая распознавание режимов тренировок, умный мониторинг пульса, помощник для тренировок, несколько режимов тренировок, мониторинг сна, уведомления, автоматическое измерение уровня кислорода в крови SpO2 и управление воспроизведением музыки.", "price": 3957.0, "category": 149, "discount": 0.0, "visible": true, "apply": false, "user": 1, "warehouse_count": 100}}, {"model": "api.gooditem", "pk": 47, "fields": {"name": "Фитнес-браслет HUAWEI Band 10, розовый, пластик", "description": "Умный браслет HUAWEI модель NOR-B19 — это новый спортивный браслет с цветным полностью сенсорным экраном, боковой кнопкой управления и водонепроницаемыми свойствами (на глубине до 50 метров). Умное носимое устройство оснащено широким набором функций, включая распознавание режимов тренировок, умный мониторинг пульса, помощник для тренировок, несколько режимов тренировок, мониторинг сна, уведомления, автоматическое измерение уровня кислорода в крови SpO2 и управление воспроизведением музыки.", "price": 2544.0, "category": 149, "discount": 0.0, "visible": true, "apply": false, "user": 1, "warehouse_count": 99}}, {"model": "api.gooditem", "pk": 48, "fields": {"name": "Samsung Фитнес-браслет Galaxy Fit3, серебристый, белый", "description": "Отслеживает более 100 упражнений\r\nДвойным нажатием кнопки «Домой» вы можете просмотреть более 100 различных упражнений для отслеживания их выполнения во время тренировок.", "price": 3473.0, "category": 149, "discount": 0.0, "visible": true, "apply": false, "user": 1, "warehouse_count": 97}}, {"model": "api.gooditem", "pk": 49, "fields": {"name": "Xiaomi Фитнес-браслет Smart Band 9 Pro, золотой", "description": "Благодаря передовому в отрасли экрану AMOLED с технологией вакуумной герметизации узкие рамки уменьшены до 2,2 мм, что значительно улучшает соотношение экрана к корпусу и обеспечивает исключительное качество изображения. Стекло с эффектом 2,5D приятно ощущается под рукой и защищает от случайных прикосновений, вызванных потом или дождём.", "price": 7265.0, "category": 149, "discount": 0.0, "visible": true, "apply": false, "user": 1, "warehouse_count": 98}}, {"model": "api.gooditem", "pk": 50, "fields": {"name": "HUAWEI Фитнес-браслет Band 10, сиреневый", "description": "HUAWEI Фитнес-браслет Band 10", "price": 3747.0, "category": 149, "discount": 0.0, "visible": true, "apply": false, "user": 1, "warehouse_count": 100}}, {"model": "api.gooditem", "pk": 51, "fields": {"name": "HUAWEI Фитнес-браслет Band 9, белый", "description": "HUAWEI Band 9", "price": 2293.0, "category": 149, "discount": 0.0, "visible": true, "apply": false, "user": 1, "warehouse_count": 100}}, {"model": "api.gooditem", "pk": 52, "fields": {"name": "realme Смартфон Ростест (EAC) 4/128 ГБ, черный", "description": "realme Смартфон Ростест (EAC) 4/128 ГБ, черный", "price": 5489.0, "category": 102, "discount": 0.0, "visible": true, "apply": false, "user": 12, "warehouse_count": 1}}, {"model": "api.gooditem", "pk": 53, "fields": {"name": "Tecno Смартфон SPARK 30 Pro Ростест (EAC) 8/256 ГБ, белый", "description": "TECNO Spark 30 Pro создан для тех, кому важны продвинутые характеристики по доступной цене. Отличный компаньон для съемки и просмотра контента.\r\n\r\nНовый процессор MediaTek Helio G100 обеспечивает отличную производительность. Благодаря новому чипсету, поддерживается связь уровня 4.5G (LTE+, LTE Advanced). Также есть слот для карты памяти microSD до 1 ТБ.\r\n\r\nБыстрая зарядка 33 Вт с лёгкостью пополнит энергию смартфона в короткие сроки, также можно выбрать режим скорости зарядки.", "price": 16322.0, "category": 102, "discount": 0.0, "visible": true, "apply": false, "user": 12, "warehouse_count": 13}}, {"model": "api.itemcharacteristic", "pk": 4, "fields": {"item": 41, "characteristic": 2, "body": "Китай"}}, {"model": "api.itemcharacteristic", "pk": 5, "fields": {"item": 41, "characteristic": 3, "body": "12 месяцев"}}, {"model": "api.itemcharacteristic", "pk": 6, "fields": {"item": 42, "characteristic": 2, "body": "Китай"}}, {"model": "api.itemcharacteristic", "pk": 7, "fields": {"item": 43, "characteristic": 2, "body": "Китай"}}, {"model": "api.itemcharacteristic", "pk": 8, "fields": {"item": 44, "characteristic": 2, "body": "Китай"}}, {"model": "api.itemcharacteristic", "pk": 9, "fields": {"item": 45, "characteristic": 2, "body": "Китай"}}, {"model": "api.itemcharacteristic", "pk": 10, "fields": {"item": 46, "characteristic": 2, "body": "Китай"}}, {"model": "api.itemcharacteristic", "pk": 11, "fields": {"item": 47, "characteristic": 2, "body": "Китай"}}, {"model": "api.itemcharacteristic", "pk": 12, "fields": {"item": 48, "characteristic": 2, "body": "Китай"}}, {"model": "api.itemcharacteristic", "pk": 13, "fields": {"item": 49, "characteristic": 2, "body": "Китай"}}, {"model": "api.itemcharacteristic", "pk": 14, "fields": {"item": 46, "characteristic": 4, "body": "Смартфон"}}, {"model": "api.itemcharacteristic", "pk": 15, "fields": {"item": 43, "characteristic": 5, "body": "6"}}, {"model": "api.itemcharacteristic", "pk": 16, "fields": {"item": 52, "characteristic": 1, "body": "Смартфон"}}, {"model": "api.itemcharacteristic", "pk": 17, "fields": {"item": 52, "characteristic": 2, "body": "Китай"}}, {"model": "api.itemcharacteristic", "pk": 18, "fields": {"item": 52, "characteristic": 3, "body": "1 год"}}, {"model": "api.itemcharacteristic", "pk": 19, "fields": {"item": 52, "characteristic": 5, "body": "6.7"}}, {"model": "api.itemcharacteristic", "pk": 20, "fields": {"item": 52, "characteristic": 24, "body": "Черный"}}, {"model": "api.itemcharacteristic", "pk": 21, "fields": {"item": 52, "characteristic": 4, "body": "Пластик"}}, {"model": "api.itemcharacteristic", "pk": 22, "fields": {"item": 52, "characteristic": 15, "body": "Моноблок"}}, {"model": "api.itemcharacteristic", "pk": 23, "fields": {"item": 52, "characteristic": 14, "body": "5000"}}, {"model": "api.itemcharacteristic", "pk": 24, "fields": {"item": 52, "characteristic": 20, "body": "Быстрая зарядка"}}, {"model": "api.itemcharacteristic", "pk": 25, "fields": {"item": 52, "characteristic": 22, "body": "2"}}, {"model": "api.itemcharacteristic", "pk": 26, "fields": {"item": 52, "characteristic": 21, "body": "32"}}, {"model": "api.itemcharacteristic", "pk": 27, "fields": {"item": 52, "characteristic": 23, "body": "5"}}, {"model": "api.itemcharacteristic", "pk": 28, "fields": {"item": 52, "characteristic": 19, "body": "2"}}, {"model": "api.itemcharacteristic", "pk": 29, "fields": {"item": 52, "characteristic": 17, "body": "4G (LTE)"}}, {"model": "api.itemcharacteristic", "pk": 30, "fields": {"item": 53, "characteristic": 34, "body": "Стекло"}}, {"model": "api.itemcharacteristic", "pk": 31, "fields": {"item": 53, "characteristic": 14, "body": "5000"}}, {"model": "api.itemcharacteristic", "pk": 32, "fields": {"item": 53, "characteristic": 20, "body": "Поддержка быстрой зарядки"}}, {"model": "api.itemcharacteristic", "pk": 33, "fields": {"item": 53, "characteristic": 22, "body": "2"}}, {"model": "api.itemcharacteristic", "pk": 34, "fields": {"item": 53, "characteristic": 21, "body": "108"}}, {"model": "api.itemcharacteristic", "pk": 35, "fields": {"item": 53, "characteristic": 23, "body": "13"}}, {"model": "api.itemcharacteristic", "pk": 36, "fields": {"item": 53, "characteristic": 4, "body": "Стекло"}}, {"model": "api.itemcharacteristic", "pk": 37, "fields": {"item": 53, "characteristic": 15, "body": "Моноблок"}}, {"model": "api.itemcharacteristic", "pk": 38, "fields": {"item": 53, "characteristic": 16, "body": "Bluetooth, Wi-Fi, NFC"}}, {"model": "api.itemcharacteristic", "pk": 39, "fields": {"item": 53, "characteristic": 17, "body": "2G, 3G, 4G (LTE)"}}, {"model": "api.itemcharacteristic", "pk": 40, "fields": {"item": 53, "characteristic": 18, "body": "Nano-SIM"}}, {"model": "api.itemcharacteristic", "pk": 41, "fields": {"item": 53, "characteristic": 19, "body": "2"}}, {"model": "api.itemcharacteristic", "pk": 42, "fields": {"item": 53, "characteristic": 1, "body": "Смартфон"}}, {"model": "api.itemcharacteristic", "pk": 43, "fields": {"item": 53, "characteristic": 2, "body": "Китай"}}, {"model": "api.itemcharacteristic", "pk": 44, "fields": {"item": 53, "characteristic": 3, "body": "1 год"}}, {"model": "api.itemcharacteristic", "pk": 45, "fields": {"item": 53, "characteristic": 5, "body": "6.78"}}, {"model": "api.itemcharacteristic", "pk": 46, "fields": {"item": 53, "characteristic": 24, "body": "Белый"}}, {"model": "api.paymentmethod", "pk": 1, "fields": {"user": 2, "card_body": "1111111111111111", "card_expire_date": "2025-11-11", "card_cvv_code": 111}}, {"model": "api.paymentmethod", "pk": 2, "fields": {"user": 2, "card_body": "2222222222222222", "card_expire_date": "2025-11-11", "card_cvv_code": 111}}, {"model": "api.paymentmethod", "pk": 3, "fields": {"user": 6, "card_body": "1111111111111111", "card_expire_date": "2025-11-11", "card_cvv_code": 111}}, {"model": "api.paymentmethod", "pk": 4, "fields": {"user": 1, "card_body": "1111111111111111", "card_expire_date": "2025-11-11", "card_cvv_code": 111}}, {"model": "api.paymentmethod", "pk": 37, "fields": {"user": 6, "card_body": "2222222222222222", "card_expire_date": "2025-11-11", "card_cvv_code": 111}}, {"model": "api.paymentmethod", "pk": 38, "fields": {"user": 11, "card_body": "1111111111111111", "card_expire_date": "2025-11-11", "card_cvv_code": 123}}, {"model": "api.paymentmethod", "pk": 39, "fields": {"user": 11, "card_body": "6375172473825728", "card_expire_date": "2025-11-11", "card_cvv_code": 456}}, {"model": "api.paymentmethod", "pk": 40, "fields": {"user": 6, "card_body": "1111111111111111", "card_expire_date": "2027-11-01", "card_cvv_code": 111}}, {"model": "api.paymentmethod", "pk": 41, "fields": {"user": 11, "card_body": "9999999999999999", "card_expire_date": "2034-11-01", "card_cvv_code": 765}}, {"model": "api.deliverymethod", "pk": 1, "fields": {"title": "example", "description": "exmaple"}}, {"model": "api.basket", "pk": 7, "fields": {"user": 2, "currently_for_order": false, "visible": true}}, {"model": "api.basket", "pk": 32, "fields": {"user": 3, "currently_for_order": false, "visible": true}}, {"model": "api.basket", "pk": 33, "fields": {"user": 2, "currently_for_order": false, "visible": false}}, {"model": "api.basket", "pk": 34, "fields": {"user": 1, "currently_for_order": false, "visible": true}}, {"model": "api.basket", "pk": 35, "fields": {"user": 6, "currently_for_order": false, "visible": true}}, {"model": "api.basket", "pk": 45, "fields": {"user": 4, "currently_for_order": false, "visible": true}}, {"model": "api.basket", "pk": 46, "fields": {"user": 4, "currently_for_order": false, "visible": false}}, {"model": "api.basket", "pk": 50, "fields": {"user": 5, "currently_for_order": false, "visible": true}}, {"model": "api.basket", "pk": 52, "fields": {"user": 5, "currently_for_order": false, "visible": false}}, {"model": "api.basket", "pk": 53, "fields": {"user": 5, "currently_for_order": true, "visible": false}}, {"model": "api.basket", "pk": 55, "fields": {"user": 6, "currently_for_order": false, "visible": false}}, {"model": "api.basket", "pk": 56, "fields": {"user": 6, "currently_for_order": false, "visible": false}}, {"model": "api.basket", "pk": 57, "fields": {"user": 6, "currently_for_order": false, "visible": false}}, {"model": "api.basket", "pk": 58, "fields": {"user": 6, "currently_for_order": false, "visible": false}}, {"model": "api.basket", "pk": 59, "fields": {"user": 6, "currently_for_order": false, "visible": false}}, {"model": "api.basket", "pk": 60, "fields": {"user": 6, "currently_for_order": false, "visible": false}}, {"model": "api.basket", "pk": 61, "fields": {"user": 6, "currently_for_order": false, "visible": false}}, {"model": "api.basket", "pk": 62, "fields": {"user": 6, "currently_for_order": false, "visible": false}}, {"model": "api.basket", "pk": 63, "fields": {"user": 6, "currently_for_order": false, "visible": false}}, {"model": "api.basket", "pk": 64, "fields": {"user": 6, "currently_for_order": false, "visible": false}}, {"model": "api.basket", "pk": 65, "fields": {"user": 6, "currently_for_order": false, "visible": false}}, {"model": "api.basket", "pk": 66, "fields": {"user": 6, "currently_for_order": false, "visible": false}}, {"model": "api.basket", "pk": 67, "fields": {"user": 6, "currently_for_order": false, "visible": false}}, {"model": "api.basket", "pk": 68, "fields": {"user": 6, "currently_for_order": false, "visible": false}}, {"model": "api.basket", "pk": 69, "fields": {"user": 6, "currently_for_order": false, "visible": false}}, {"model": "api.basket", "pk": 70, "fields": {"user": 6, "currently_for_order": false, "visible": false}}, {"model": "api.basket", "pk": 102, "fields": {"user": 6, "currently_for_order": false, "visible": false}}, {"model": "api.basket", "pk": 103, "fields": {"user": 6, "currently_for_order": false, "visible": false}}, {"model": "api.basket", "pk": 104, "fields": {"user": 6, "currently_for_order": false, "visible": false}}, {"model": "api.basket", "pk": 105, "fields": {"user": 6, "currently_for_order": false, "visible": false}}, {"model": "api.basket", "pk": 106, "fields": {"user": 6, "currently_for_order": false, "visible": false}}, {"model": "api.basket", "pk": 107, "fields": {"user": 6, "currently_for_order": false, "visible": false}}, {"model": "api.basket", "pk": 108, "fields": {"user": 6, "currently_for_order": false, "visible": false}}, {"model": "api.basket", "pk": 109, "fields": {"user": 6, "currently_for_order": false, "visible": false}}, {"model": "api.basket", "pk": 110, "fields": {"user": 6, "currently_for_order": false, "visible": false}}, {"model": "api.basket", "pk": 111, "fields": {"user": 11, "currently_for_order": false, "visible": true}}, {"model": "api.basket", "pk": 112, "fields": {"user": 11, "currently_for_order": false, "visible": false}}, {"model": "api.basket", "pk": 113, "fields": {"user": 11, "currently_for_order": false, "visible": false}}, {"model": "api.basket", "pk": 114, "fields": {"user": 13, "currently_for_order": false, "visible": true}}, {"model": "api.basket", "pk": 115, "fields": {"user": 14, "currently_for_order": false, "visible": true}}, {"model": "api.basket", "pk": 116, "fields": {"user": 14, "currently_for_order": true, "visible": false}}, {"model": "api.basket", "pk": 117, "fields": {"user": 13, "currently_for_order": false, "visible": false}}, {"model": "api.basket", "pk": 118, "fields": {"user": 12, "currently_for_order": false, "visible": true}}, {"model": "api.basket", "pk": 119, "fields": {"user": 15, "currently_for_order": false, "visible": true}}, {"model": "api.basket", "pk": 120, "fields": {"user": 6, "currently_for_order": false, "visible": false}}, {"model": "api.basket", "pk": 121, "fields": {"user": 11, "currently_for_order": false, "visible": false}}, {"model": "api.basket", "pk": 122, "fields": {"user": 11, "currently_for_order": false, "visible": false}}, {"model": "api.basket", "pk": 123, "fields": {"user": 11, "currently_for_order": false, "visible": false}}, {"model": "api.basket", "pk": 124, "fields": {"user": 11, "currently_for_order": false, "visible": false}}, {"model": "api.basketitem", "pk": 3, "fields": {"good_item": 10, "basket": 7, "count": 4}}, {"model": "api.basketitem", "pk": 38, "fields": {"good_item": 1, "basket": 32, "count": 10}}, {"model": "api.basketitem", "pk": 40, "fields": {"good_item": 2, "basket": 32, "count": 10}}, {"model": "api.basketitem", "pk": 41, "fields": {"good_item": 3, "basket": 32, "count": 10}}, {"model": "api.basketitem", "pk": 42, "fields": {"good_item": 3, "basket": 7, "count": 3}}, {"model": "api.basketitem", "pk": 43, "fields": {"good_item": 9, "basket": 7, "count": 1}}, {"model": "api.basketitem", "pk": 44, "fields": {"good_item": 1, "basket": 33, "count": 1}}, {"model": "api.basketitem", "pk": 59, "fields": {"good_item": 1, "basket": 46, "count": 11}}, {"model": "api.basketitem", "pk": 62, "fields": {"good_item": 1, "basket": 52, "count": 1}}, {"model": "api.basketitem", "pk": 63, "fields": {"good_item": 1, "basket": 53, "count": 1}}, {"model": "api.basketitem", "pk": 67, "fields": {"good_item": 47, "basket": 58, "count": 1}}, {"model": "api.basketitem", "pk": 68, "fields": {"good_item": 43, "basket": 58, "count": 1}}, {"model": "api.basketitem", "pk": 69, "fields": {"good_item": 49, "basket": 59, "count": 1}}, {"model": "api.basketitem", "pk": 70, "fields": {"good_item": 41, "basket": 60, "count": 1}}, {"model": "api.basketitem", "pk": 71, "fields": {"good_item": 50, "basket": 61, "count": 1}}, {"model": "api.basketitem", "pk": 72, "fields": {"good_item": 51, "basket": 62, "count": 1}}, {"model": "api.basketitem", "pk": 73, "fields": {"good_item": 45, "basket": 63, "count": 1}}, {"model": "api.basketitem", "pk": 74, "fields": {"good_item": 46, "basket": 64, "count": 1}}, {"model": "api.basketitem", "pk": 77, "fields": {"good_item": 41, "basket": 65, "count": 1}}, {"model": "api.basketitem", "pk": 79, "fields": {"good_item": 41, "basket": 66, "count": 2}}, {"model": "api.basketitem", "pk": 80, "fields": {"good_item": 1, "basket": 67, "count": 1}}, {"model": "api.basketitem", "pk": 81, "fields": {"good_item": 1, "basket": 68, "count": 11}}, {"model": "api.basketitem", "pk": 82, "fields": {"good_item": 1, "basket": 69, "count": 11}}, {"model": "api.basketitem", "pk": 83, "fields": {"good_item": 1, "basket": 70, "count": 11}}, {"model": "api.basketitem", "pk": 115, "fields": {"good_item": 1, "basket": 102, "count": 15}}, {"model": "api.basketitem", "pk": 116, "fields": {"good_item": 41, "basket": 103, "count": 4}}, {"model": "api.basketitem", "pk": 117, "fields": {"good_item": 51, "basket": 104, "count": 1}}, {"model": "api.basketitem", "pk": 118, "fields": {"good_item": 50, "basket": 105, "count": 1}}, {"model": "api.basketitem", "pk": 119, "fields": {"good_item": 42, "basket": 106, "count": 5}}, {"model": "api.basketitem", "pk": 120, "fields": {"good_item": 42, "basket": 105, "count": 5}}, {"model": "api.basketitem", "pk": 121, "fields": {"good_item": 49, "basket": 107, "count": 1}}, {"model": "api.basketitem", "pk": 122, "fields": {"good_item": 44, "basket": 108, "count": 1}}, {"model": "api.basketitem", "pk": 123, "fields": {"good_item": 48, "basket": 108, "count": 1}}, {"model": "api.basketitem", "pk": 124, "fields": {"good_item": 42, "basket": 109, "count": 1}}, {"model": "api.basketitem", "pk": 125, "fields": {"good_item": 48, "basket": 109, "count": 1}}, {"model": "api.basketitem", "pk": 129, "fields": {"good_item": 49, "basket": 110, "count": 1}}, {"model": "api.basketitem", "pk": 130, "fields": {"good_item": 47, "basket": 110, "count": 1}}, {"model": "api.basketitem", "pk": 133, "fields": {"good_item": 41, "basket": 112, "count": 2}}, {"model": "api.basketitem", "pk": 134, "fields": {"good_item": 41, "basket": 35, "count": 1}}, {"model": "api.basketitem", "pk": 135, "fields": {"good_item": 44, "basket": 112, "count": 1}}, {"model": "api.basketitem", "pk": 136, "fields": {"good_item": 48, "basket": 113, "count": 1}}, {"model": "api.basketitem", "pk": 137, "fields": {"good_item": 45, "basket": 122, "count": 1}}, {"model": "api.basketitem", "pk": 138, "fields": {"good_item": 45, "basket": 116, "count": 1}}, {"model": "api.basketitem", "pk": 139, "fields": {"good_item": 52, "basket": 117, "count": 1}}, {"model": "api.basketitem", "pk": 141, "fields": {"good_item": 52, "basket": 123, "count": 1}}, {"model": "api.basketitem", "pk": 142, "fields": {"good_item": 52, "basket": 119, "count": 1}}, {"model": "api.basketitem", "pk": 143, "fields": {"good_item": 53, "basket": 120, "count": 1}}, {"model": "api.basketitem", "pk": 144, "fields": {"good_item": 53, "basket": 121, "count": 1}}, {"model": "api.basketitem", "pk": 145, "fields": {"good_item": 53, "basket": 111, "count": 1}}, {"model": "api.basketitem", "pk": 146, "fields": {"good_item": 42, "basket": 124, "count": 1}}, {"model": "api.order", "pk": 1, "fields": {"user": 2, "address": "улица пушкина", "basket": 33, "payment_method": 1, "delivery_method": 1, "payment_total": 1084.0, "status": "В обработке", "created_at": "2025-05-16T18:25:23.482Z"}}, {"model": "api.order", "pk": 11, "fields": {"user": 4, "address": "Lenina 114", "basket": 46, "payment_method": 1, "delivery_method": 1, "payment_total": 11924.0, "status": "В обработке", "created_at": "2025-05-18T13:29:09.592Z"}}, {"model": "api.order", "pk": 16, "fields": {"user": 5, "address": "random", "basket": 52, "payment_method": 1, "delivery_method": 1, "payment_total": 1084.0, "status": "В обработке", "created_at": "2025-05-19T13:19:15.283Z"}}, {"model": "api.order", "pk": 21, "fields": {"user": 6, "address": "г. Екатеринбург ул. Малышева 15", "basket": 58, "payment_method": 3, "delivery_method": 1, "payment_total": 31286.0, "status": "RECEIVED", "created_at": "2025-05-21T07:33:52.079Z"}}, {"model": "api.order", "pk": 22, "fields": {"user": 6, "address": "г. Екатеринбург ул. Малышева 15", "basket": 59, "payment_method": 3, "delivery_method": 1, "payment_total": 7265.0, "status": "RECEIVED", "created_at": "2025-05-21T07:34:12.709Z"}}, {"model": "api.order", "pk": 23, "fields": {"user": 6, "address": "г. Екатеринбург ул. Малышева 15", "basket": 60, "payment_method": 3, "delivery_method": 1, "payment_total": 6110.0, "status": "В обработке", "created_at": "2025-05-21T07:49:03.390Z"}}, {"model": "api.order", "pk": 24, "fields": {"user": 6, "address": "г. Екатеринбург ул. Малышева 15", "basket": 61, "payment_method": 3, "delivery_method": 1, "payment_total": 3747.0, "status": "В обработке", "created_at": "2025-05-21T07:56:16.249Z"}}, {"model": "api.order", "pk": 25, "fields": {"user": 6, "address": "г. Екатеринбург ул. Малышева 15", "basket": 62, "payment_method": 3, "delivery_method": 1, "payment_total": 2293.0, "status": "В обработке", "created_at": "2025-05-21T07:59:42.446Z"}}, {"model": "api.order", "pk": 26, "fields": {"user": 6, "address": "г. Екатеринбург ул. Малышева 15", "basket": 63, "payment_method": 3, "delivery_method": 1, "payment_total": 9000.0, "status": "В обработке", "created_at": "2025-05-21T08:08:35.853Z"}}, {"model": "api.order", "pk": 27, "fields": {"user": 6, "address": "г. Екатеринбург ул. Малышева 15", "basket": 64, "payment_method": 3, "delivery_method": 1, "payment_total": 3957.0, "status": "В обработке", "created_at": "2025-05-21T08:50:12.834Z"}}, {"model": "api.order", "pk": 28, "fields": {"user": 6, "address": "г. Екатеринбург ул. Малышева 15", "basket": 65, "payment_method": 3, "delivery_method": 1, "payment_total": 6110.0, "status": "В обработке", "created_at": "2025-05-21T09:50:33.708Z"}}, {"model": "api.order", "pk": 29, "fields": {"user": 6, "address": "г. Екатеринбург ул. Малышева 15", "basket": 66, "payment_method": 3, "delivery_method": 1, "payment_total": 12220.0, "status": "В обработке", "created_at": "2025-05-21T13:33:15.287Z"}}, {"model": "api.order", "pk": 30, "fields": {"user": 6, "address": "Lenina 114", "basket": 67, "payment_method": 1, "delivery_method": 1, "payment_total": 1084.0, "status": "В обработке", "created_at": "2025-05-23T10:05:40.866Z"}}, {"model": "api.order", "pk": 34, "fields": {"user": 6, "address": "Lenina 114", "basket": 67, "payment_method": 1, "delivery_method": 1, "payment_total": 1084.0, "status": "В обработке", "created_at": "2025-05-23T10:08:55.537Z"}}, {"model": "api.order", "pk": 35, "fields": {"user": 6, "address": "Lenina 114", "basket": 67, "payment_method": 1, "delivery_method": 1, "payment_total": 1084.0, "status": "В обработке", "created_at": "2025-05-23T10:12:00.990Z"}}, {"model": "api.order", "pk": 37, "fields": {"user": 6, "address": "Lenina 114", "basket": 67, "payment_method": 1, "delivery_method": 1, "payment_total": 1084.0, "status": "В обработке", "created_at": "2025-05-23T10:21:20.668Z"}}, {"model": "api.order", "pk": 39, "fields": {"user": 6, "address": "Lenina 114", "basket": 67, "payment_method": 1, "delivery_method": 1, "payment_total": 1084.0, "status": "В обработке", "created_at": "2025-05-23T10:26:44.228Z"}}, {"model": "api.order", "pk": 40, "fields": {"user": 6, "address": "Lenina 114", "basket": 68, "payment_method": 1, "delivery_method": 1, "payment_total": 11924.0, "status": "В обработке", "created_at": "2025-05-24T15:34:36.533Z"}}, {"model": "api.order", "pk": 41, "fields": {"user": 6, "address": "Lenina 114", "basket": 68, "payment_method": 1, "delivery_method": 1, "payment_total": 11924.0, "status": "В обработке", "created_at": "2025-05-24T15:36:42.259Z"}}, {"model": "api.order", "pk": 42, "fields": {"user": 6, "address": "Lenina 114", "basket": 68, "payment_method": 1, "delivery_method": 1, "payment_total": 11924.0, "status": "В обработке", "created_at": "2025-05-24T15:41:54.789Z"}}, {"model": "api.order", "pk": 43, "fields": {"user": 6, "address": "Lenina 114", "basket": 69, "payment_method": 1, "delivery_method": 1, "payment_total": 11924.0, "status": "В обработке", "created_at": "2025-05-24T15:44:24.900Z"}}, {"model": "api.order", "pk": 75, "fields": {"user": 6, "address": "Lenina 114", "basket": 70, "payment_method": 1, "delivery_method": 1, "payment_total": 11924.0, "status": "В обработке", "created_at": "2025-05-24T15:47:26.054Z"}}, {"model": "api.order", "pk": 76, "fields": {"user": 6, "address": "Lenina 114", "basket": 102, "payment_method": 1, "delivery_method": 1, "payment_total": 16260.0, "status": "В обработке", "created_at": "2025-05-24T15:56:03.694Z"}}, {"model": "api.order", "pk": 77, "fields": {"user": 6, "address": "Lenina 114", "basket": 103, "payment_method": 1, "delivery_method": 1, "payment_total": 24440.0, "status": "В обработке", "created_at": "2025-05-24T15:58:40.661Z"}}, {"model": "api.order", "pk": 78, "fields": {"user": 6, "address": "г. Екатеринбург ул. Малышева 15", "basket": 104, "payment_method": 3, "delivery_method": 1, "payment_total": 2293.0, "status": "В обработке", "created_at": "2025-05-25T11:37:09.143Z"}}, {"model": "api.order", "pk": 79, "fields": {"user": 6, "address": "г. Екатеринбург ул. Малышева 15", "basket": 105, "payment_method": 3, "delivery_method": 1, "payment_total": 3747.0, "status": "В обработке", "created_at": "2025-05-26T11:52:54.188Z"}}, {"model": "api.order", "pk": 80, "fields": {"user": 6, "address": "г. Екатеринбург ул. Малышева 15", "basket": 106, "payment_method": 3, "delivery_method": 1, "payment_total": 12599.0, "status": "PROCESSING", "created_at": "2025-05-27T14:59:13.873Z"}}, {"model": "api.order", "pk": 81, "fields": {"user": 6, "address": "г. Екатеринбург ул. Малышева 15", "basket": 107, "payment_method": 3, "delivery_method": 1, "payment_total": 7265.0, "status": "PROCESSING", "created_at": "2025-05-28T10:38:39.133Z"}}, {"model": "api.order", "pk": 82, "fields": {"user": 6, "address": "г. Екатеринбург ул. Малышева 15", "basket": 108, "payment_method": 3, "delivery_method": 1, "payment_total": 19724.0, "status": "PROCESSING", "created_at": "2025-05-28T10:43:20.835Z"}}, {"model": "api.order", "pk": 83, "fields": {"user": 6, "address": "г. Екатеринбург ул. Малышева 15", "basket": 109, "payment_method": 37, "delivery_method": 1, "payment_total": 16072.0, "status": "PROCESSING", "created_at": "2025-05-28T10:45:03.348Z"}}, {"model": "api.order", "pk": 85, "fields": {"user": 6, "address": "г. Екатеринбург ул. Малышева 15", "basket": 110, "payment_method": 3, "delivery_method": 1, "payment_total": 9809.0, "status": "RECEIVED", "created_at": "2025-05-30T12:43:24.381Z"}}, {"model": "api.order", "pk": 88, "fields": {"user": 11, "address": "город Лесной улица Ленина 130", "basket": 112, "payment_method": 39, "delivery_method": 1, "payment_total": 28471.0, "status": "PROCESSING", "created_at": "2025-05-31T11:04:55.015Z"}}, {"model": "api.order", "pk": 91, "fields": {"user": 11, "address": "г. Екатеринбург ул. Малышева 15", "basket": 113, "payment_method": 41, "delivery_method": 1, "payment_total": 3473.0, "status": "RECEIVED", "created_at": "2025-05-31T11:21:36.775Z"}}, {"model": "api.order", "pk": 92, "fields": {"user": 13, "address": "г. Екатеринбург ул. Малышева 15", "basket": 117, "payment_method": 1, "delivery_method": 1, "payment_total": 5489.0, "status": "RECEIVED", "created_at": "2025-06-02T16:07:32.422Z"}}, {"model": "api.order", "pk": 93, "fields": {"user": 6, "address": "г. Екатеринбург ул. Малышева 15", "basket": 120, "payment_method": 40, "delivery_method": 1, "payment_total": 16322.0, "status": "PAYED", "created_at": "2025-06-02T18:16:02.596Z"}}, {"model": "api.order", "pk": 94, "fields": {"user": 11, "address": "г. Екатеринбург ул. Малышева 15", "basket": 121, "payment_method": 41, "delivery_method": 1, "payment_total": 16322.0, "status": "PAYED", "created_at": "2025-06-02T18:18:50.983Z"}}, {"model": "api.order", "pk": 95, "fields": {"user": 11, "address": "Some unique address", "basket": 122, "payment_method": 1, "delivery_method": 1, "payment_total": 9000.0, "status": "PAYED", "created_at": "2025-06-03T08:44:51.947Z"}}, {"model": "api.order", "pk": 96, "fields": {"user": 11, "address": "г. Екатеринбург ул. Малышева 15", "basket": 123, "payment_method": 41, "delivery_method": 1, "payment_total": 5489.0, "status": "PAYED", "created_at": "2025-06-03T14:59:42.043Z"}}, {"model": "api.order", "pk": 97, "fields": {"user": 11, "address": "г. Екатеринбург ул. Мира 19", "basket": 124, "payment_method": 41, "delivery_method": 1, "payment_total": 12599.0, "status": "PAYED", "created_at": "2025-06-03T19:53:21.442Z"}}, {"model": "api.transaction", "pk": 1, "fields": {"status": "StatusChoices.PENDING", "amount": 1084.0, "order": 30, "created_at": "2025-05-23T10:05:40.875Z", "user": 6, "checkout_id": "0196fc9b-0853-77d2-802d-1e2ea0fde624"}}, {"model": "api.transaction", "pk": 5, "fields": {"status": "StatusChoices.PENDING", "amount": 1084.0, "order": 34, "created_at": "2025-05-23T10:08:55.540Z", "user": 6, "checkout_id": "2fc25cf7-000f-5000-8000-1880bcfae20a"}}, {"model": "api.transaction", "pk": 6, "fields": {"status": "StatusChoices.PENDING", "amount": 1084.0, "order": 35, "created_at": "2025-05-23T10:12:00.993Z", "user": 6, "checkout_id": "2fc25db1-000f-5001-8000-1ae750481c4e"}}, {"model": "api.transaction", "pk": 8, "fields": {"status": "StatusChoices.PENDING", "amount": 1084.0, "order": 37, "created_at": "2025-05-23T10:21:20.678Z", "user": 6, "checkout_id": "2fc25fe0-000f-5000-8000-14afd44e9f2c"}}, {"model": "api.transaction", "pk": 10, "fields": {"status": "StatusChoices.SUCCESS", "amount": 1084.0, "order": 39, "created_at": "2025-05-23T10:26:44.238Z", "user": 6, "checkout_id": "2fc26124-000f-5000-b000-1df06f466b98"}}, {"model": "api.transaction", "pk": 11, "fields": {"status": "StatusChoices.SUCCESS", "amount": 11924.0, "order": 40, "created_at": "2025-05-24T15:34:36.537Z", "user": 6, "checkout_id": "2fc3facd-000f-5001-8000-151bdbb00165"}}, {"model": "api.transaction", "pk": 12, "fields": {"status": "StatusChoices.SUCCESS", "amount": 11924.0, "order": 41, "created_at": "2025-05-24T15:36:42.269Z", "user": 6, "checkout_id": "2fc3fb4a-000f-5001-9000-143d147579ca"}}, {"model": "api.transaction", "pk": 13, "fields": {"status": "StatusChoices.SUCCESS", "amount": 11924.0, "order": 42, "created_at": "2025-05-24T15:41:54.794Z", "user": 6, "checkout_id": "2fc3fc83-000f-5001-9000-1f5e122edb01"}}, {"model": "api.transaction", "pk": 14, "fields": {"status": "StatusChoices.SUCCESS", "amount": 11924.0, "order": 43, "created_at": "2025-05-24T15:44:24.909Z", "user": 6, "checkout_id": "2fc3fd19-000f-5001-8000-16b7693299eb"}}, {"model": "api.transaction", "pk": 46, "fields": {"status": "StatusChoices.SUCCESS", "amount": 11924.0, "order": 75, "created_at": "2025-05-24T15:47:26.063Z", "user": 6, "checkout_id": "2fc3fdce-000f-5001-8000-1ac2c1e13181"}}, {"model": "api.transaction", "pk": 47, "fields": {"status": "StatusChoices.SUCCESS", "amount": 16260.0, "order": 76, "created_at": "2025-05-24T15:56:03.705Z", "user": 6, "checkout_id": "2fc3ffd3-000f-5000-b000-165d1130b754"}}, {"model": "api.transaction", "pk": 48, "fields": {"status": "StatusChoices.SUCCESS", "amount": 24440.0, "order": 77, "created_at": "2025-05-24T15:58:40.671Z", "user": 6, "checkout_id": "2fc40070-000f-5001-9000-1606666d789d"}}, {"model": "api.transaction", "pk": 49, "fields": {"status": "StatusChoices.SUCCESS", "amount": 2293.0, "order": 78, "created_at": "2025-05-25T11:37:09.149Z", "user": 6, "checkout_id": "2fc514a5-000f-5001-8000-1f26ca1a2c0d"}}, {"model": "api.transaction", "pk": 50, "fields": {"status": "StatusChoices.SUCCESS", "amount": 3747.0, "order": 79, "created_at": "2025-05-25T11:52:54.191Z", "user": 6, "checkout_id": "2fc51856-000f-5000-8000-1312ff09aa7e"}}, {"model": "api.transaction", "pk": 51, "fields": {"status": "StatusChoices.SUCCESS", "amount": 12599.0, "order": 80, "created_at": "2025-05-26T07:59:13.878Z", "user": 6, "checkout_id": "2fc63312-000f-5001-9000-1738a423a6fb"}}, {"model": "api.transaction", "pk": 52, "fields": {"status": "StatusChoices.SUCCESS", "amount": 7265.0, "order": 81, "created_at": "2025-05-28T10:38:39.138Z", "user": 6, "checkout_id": "2fc8fb74-000f-5001-8000-1dd3624aaf44"}}, {"model": "api.transaction", "pk": 53, "fields": {"status": "StatusChoices.SUCCESS", "amount": 19724.0, "order": 82, "created_at": "2025-05-28T10:43:20.839Z", "user": 6, "checkout_id": "2fc8fc89-000f-5001-8000-1c2a6887c60e"}}, {"model": "api.transaction", "pk": 54, "fields": {"status": "StatusChoices.SUCCESS", "amount": 16072.0, "order": 83, "created_at": "2025-05-28T10:45:03.352Z", "user": 6, "checkout_id": "2fc8fcf3-000f-5001-8000-191dd8c8a7a4"}}, {"model": "api.transaction", "pk": 56, "fields": {"status": "StatusChoices.SUCCESS", "amount": 9809.0, "order": 85, "created_at": "2025-05-30T12:43:24.392Z", "user": 6, "checkout_id": "2fcbbbac-000f-5001-9000-1416d7b42c0d"}}, {"model": "api.transaction", "pk": 59, "fields": {"status": "StatusChoices.SUCCESS", "amount": 28471.0, "order": 88, "created_at": "2025-05-31T11:04:55.020Z", "user": 11, "checkout_id": "2fccf617-000f-5000-b000-1ff1dd27d709"}}, {"model": "api.transaction", "pk": 62, "fields": {"status": "StatusChoices.SUCCESS", "amount": 3473.0, "order": 91, "created_at": "2025-05-31T11:21:36.779Z", "user": 11, "checkout_id": "2fccfa01-000f-5000-b000-14f0d624fdfe"}}, {"model": "api.transaction", "pk": 63, "fields": {"status": "StatusChoices.SUCCESS", "amount": 5489.0, "order": 92, "created_at": "2025-06-02T16:07:32.427Z", "user": 13, "checkout_id": "2fcfe004-000f-5001-8000-1943f1f4843a"}}, {"model": "api.transaction", "pk": 64, "fields": {"status": "StatusChoices.SUCCESS", "amount": 16322.0, "order": 93, "created_at": "2025-06-02T18:16:02.605Z", "user": 6, "checkout_id": "2fcffe28-000f-5000-b000-138d6ace688d"}}, {"model": "api.transaction", "pk": 65, "fields": {"status": "StatusChoices.SUCCESS", "amount": 16322.0, "order": 94, "created_at": "2025-06-02T18:18:50.986Z", "user": 11, "checkout_id": "2fcffecb-000f-5000-b000-13fa3e1dfab6"}}, {"model": "api.transaction", "pk": 66, "fields": {"status": "StatusChoices.SUCCESS", "amount": 9000.0, "order": 95, "created_at": "2025-06-03T08:44:51.956Z", "user": 11, "checkout_id": "2fd0c9c4-000f-5000-b000-1800964f18f7"}}, {"model": "api.transaction", "pk": 67, "fields": {"status": "StatusChoices.SUCCESS", "amount": 5489.0, "order": 96, "created_at": "2025-06-03T14:59:42.048Z", "user": 11, "checkout_id": "2fd1219e-000f-5000-b000-1cf15e40e5f7"}}, {"model": "api.transaction", "pk": 68, "fields": {"status": "StatusChoices.SUCCESS", "amount": 12599.0, "order": 97, "created_at": "2025-06-03T19:53:21.446Z", "user": 11, "checkout_id": "2fd16671-000f-5001-8000-1b6771558a20"}}, {"model": "api.comment", "pk": 1, "fields": {"user": 2, "item": 1, "body": "string", "rate": 5, "created_at": "2025-05-19T10:19:06.468Z"}}, {"model": "api.comment", "pk": 2, "fields": {"user": 6, "item": 47, "body": "все супер", "rate": 5, "created_at": "2025-05-21T07:37:00.777Z"}}, {"model": "api.comment", "pk": 3, "fields": {"user": 6, "item": 49, "body": "нормально", "rate": 4, "created_at": "2025-05-21T07:42:54.044Z"}}, {"model": "api.comment", "pk": 4, "fields": {"user": 6, "item": 41, "body": "супер класс", "rate": 4, "created_at": "2025-05-21T07:50:43.890Z"}}, {"model": "api.comment", "pk": 5, "fields": {"user": 6, "item": 46, "body": "1", "rate": 5, "created_at": "2025-05-21T13:34:10.274Z"}}, {"model": "api.comment", "pk": 7, "fields": {"user": 6, "item": 42, "body": "1", "rate": 4, "created_at": "2025-05-26T09:08:53.863Z"}}, {"model": "api.comment", "pk": 8, "fields": {"user": 6, "item": 42, "body": "1", "rate": 4, "created_at": "2025-05-26T09:21:39.050Z"}}, {"model": "api.comment", "pk": 9, "fields": {"user": 6, "item": 43, "body": "тест картинок", "rate": 4, "created_at": "2025-05-26T09:22:06.864Z"}}, {"model": "api.comment", "pk": 15, "fields": {"user": 6, "item": 48, "body": "тест", "rate": 3, "created_at": "2025-05-30T09:23:09.920Z"}}, {"model": "api.comment", "pk": 16, "fields": {"user": 6, "item": 44, "body": "1", "rate": 4, "created_at": "2025-05-30T09:23:48.313Z"}}, {"model": "api.comment", "pk": 17, "fields": {"user": 6, "item": 45, "body": "1", "rate": 4, "created_at": "2025-05-30T09:24:47.820Z"}}, {"model": "api.comment", "pk": 18, "fields": {"user": 6, "item": 50, "body": "лучший фитнес браслет в моей жизни всем советую", "rate": 3, "created_at": "2025-05-30T09:25:19.869Z"}}, {"model": "api.comment", "pk": 19, "fields": {"user": 6, "item": 51, "body": "1", "rate": 4, "created_at": "2025-05-30T11:28:50.794Z"}}, {"model": "api.comment", "pk": 20, "fields": {"user": 11, "item": 41, "body": "Хороший телефон, даже не взорвался! 2 звезды, чтобы не втыкали", "rate": 2, "created_at": "2025-05-31T11:14:52.580Z"}}, {"model": "api.comment", "pk": 21, "fields": {"user": 11, "item": 48, "body": "Из плюсов хочу отметить длительное время работы батареи — мне хватает на несколько дней без подзарядки. Приложение к браслету интуитивно понятное и удобное в использовании.\r\n\r\nЕдинственный момент, который хотелось бы улучшить, — это точность отслеживания некоторых показателей, например, качества сна. Иногда данные кажутся немного неточными, но в целом браслет выполняет свои функции хорошо.", "rate": 5, "created_at": "2025-05-31T11:26:16.206Z"}}, {"model": "api.comment", "pk": 22, "fields": {"user": 11, "item": 52, "body": "Перестал работать через сутки. Не включается.", "rate": 1, "created_at": "2025-06-03T19:33:55.589Z"}}, {"model": "api.commentreply", "pk": 1, "fields": {"user": 1, "comment": 2, "body": "string", "created_at": "2025-05-22T12:40:34.763Z"}}, {"model": "api.commentreply", "pk": 2, "fields": {"user": 1, "comment": 3, "body": "1", "created_at": "2025-05-22T16:09:31.167Z"}}, {"model": "api.commentreply", "pk": 3, "fields": {"user": 12, "comment": 22, "body": "Спасибо за ваш отзыв! Очень жаль, что вы остались недовольны нашей продукцией. Вы можете оформить возврат и заказать повторно!", "created_at": "2025-06-03T19:35:35.613Z"}}, {"model": "api.itemmedia", "pk": 10, "fields": {"item": 27, "source": "media/fotka.jpg"}}, {"model": "api.itemmedia", "pk": 23, "fields": {"item": 41, "source": "media/Screenshot_7.png"}}, {"model": "api.itemmedia", "pk": 26, "fields": {"item": 42, "source": "media/Screenshot_11.png"}}, {"model": "api.itemmedia", "pk": 27, "fields": {"item": 42, "source": "media/Screenshot_10.png"}}, {"model": "api.itemmedia", "pk": 28, "fields": {"item": 43, "source": "media/Screenshot_12.png"}}, {"model": "api.itemmedia", "pk": 29, "fields": {"item": 44, "source": "media/Screenshot_13.png"}}, {"model": "api.itemmedia", "pk": 30, "fields": {"item": 45, "source": "media/Screenshot_14.png"}}, {"model": "api.itemmedia", "pk": 31, "fields": {"item": 46, "source": "media/Screenshot_15.png"}}, {"model": "api.itemmedia", "pk": 32, "fields": {"item": 47, "source": "media/Screenshot_16.png"}}, {"model": "api.itemmedia", "pk": 33, "fields": {"item": 48, "source": "media/Screenshot_17.png"}}, {"model": "api.itemmedia", "pk": 34, "fields": {"item": 49, "source": "media/Screenshot_18.png"}}, {"model": "api.itemmedia", "pk": 35, "fields": {"item": 50, "source": "media/Screenshot_19.png"}}, {"model": "api.itemmedia", "pk": 36, "fields": {"item": 51, "source": "media/Screenshot_20.png"}}, {"model": "api.itemmedia", "pk": 38, "fields": {"item": 41, "source": "media/Screenshot_9.png"}}, {"model": "api.itemmedia", "pk": 39, "fields": {"item": 41, "source": "media/Screenshot_8.png"}}, {"model": "api.itemmedia", "pk": 40, "fields": {"item": 52, "source": "media/реалми1.1.jpg"}}, {"model": "api.itemmedia", "pk": 41, "fields": {"item": 52, "source": "media/реалми1.2.jpg"}}, {"model": "api.itemmedia", "pk": 42, "fields": {"item": 52, "source": "media/реалми1.3.jpg"}}, {"model": "api.itemmedia", "pk": 43, "fields": {"item": 53, "source": "media/спарк1.1.jpg"}}, {"model": "api.itemmedia", "pk": 44, "fields": {"item": 53, "source": "media/спарк1.2.jpg"}}, {"model": "api.itemmedia", "pk": 45, "fields": {"item": 53, "source": "media/спарк1.3.jpg"}}, {"model": "api.itemmedia", "pk": 46, "fields": {"item": 53, "source": "media/спарк1.4.jpg"}}, {"model": "api.like", "pk": 4, "fields": {"user": 2, "item": 7, "created_at": "2025-05-14T08:06:41.321Z"}}, {"model": "api.like", "pk": 15, "fields": {"user": 2, "item": 6, "created_at": "2025-05-14T10:41:18.298Z"}}, {"model": "api.like", "pk": 17, "fields": {"user": 2, "item": 4, "created_at": "2025-05-14T10:41:52.570Z"}}, {"model": "api.like", "pk": 19, "fields": {"user": 2, "item": 5, "created_at": "2025-05-14T12:22:22.642Z"}}, {"model": "api.like", "pk": 53, "fields": {"user": 2, "item": 1, "created_at": "2025-05-14T12:32:05.691Z"}}, {"model": "api.like", "pk": 59, "fields": {"user": 2, "item": 8, "created_at": "2025-05-17T04:30:46.941Z"}}, {"model": "api.like", "pk": 60, "fields": {"user": 3, "item": 8, "created_at": "2025-05-17T05:03:34.624Z"}}, {"model": "api.like", "pk": 62, "fields": {"user": 6, "item": 2, "created_at": "2025-05-17T13:05:16.292Z"}}, {"model": "api.like", "pk": 69, "fields": {"user": 6, "item": 3, "created_at": "2025-05-17T13:17:47.136Z"}}, {"model": "api.like", "pk": 70, "fields": {"user": 6, "item": 4, "created_at": "2025-05-17T13:17:47.875Z"}}, {"model": "api.like", "pk": 71, "fields": {"user": 6, "item": 5, "created_at": "2025-05-17T13:17:48.579Z"}}, {"model": "api.like", "pk": 72, "fields": {"user": 6, "item": 6, "created_at": "2025-05-17T13:17:49.318Z"}}, {"model": "api.like", "pk": 73, "fields": {"user": 6, "item": 9, "created_at": "2025-05-17T13:17:49.978Z"}}, {"model": "api.like", "pk": 74, "fields": {"user": 6, "item": 10, "created_at": "2025-05-17T13:17:51.915Z"}}, {"model": "api.like", "pk": 75, "fields": {"user": 6, "item": 11, "created_at": "2025-05-17T13:17:52.653Z"}}, {"model": "api.like", "pk": 79, "fields": {"user": 6, "item": 1, "created_at": "2025-05-19T14:21:48.270Z"}}, {"model": "api.like", "pk": 83, "fields": {"user": 6, "item": 50, "created_at": "2025-05-20T16:25:50.757Z"}}, {"model": "api.like", "pk": 84, "fields": {"user": 6, "item": 46, "created_at": "2025-05-21T07:16:45.465Z"}}, {"model": "api.like", "pk": 86, "fields": {"user": 6, "item": 42, "created_at": "2025-05-21T07:16:47.019Z"}}, {"model": "api.like", "pk": 88, "fields": {"user": 6, "item": 49, "created_at": "2025-05-21T07:16:52.916Z"}}, {"model": "api.like", "pk": 90, "fields": {"user": 6, "item": 43, "created_at": "2025-05-21T09:11:01.493Z"}}, {"model": "api.like", "pk": 92, "fields": {"user": 6, "item": 41, "created_at": "2025-05-21T09:12:53.720Z"}}, {"model": "api.like", "pk": 95, "fields": {"user": 11, "item": 51, "created_at": "2025-05-31T10:07:04.082Z"}}, {"model": "api.like", "pk": 98, "fields": {"user": 11, "item": 49, "created_at": "2025-05-31T10:28:23.776Z"}}, {"model": "api.like", "pk": 99, "fields": {"user": 11, "item": 43, "created_at": "2025-05-31T10:28:43.438Z"}}, {"model": "api.like", "pk": 101, "fields": {"user": 11, "item": 50, "created_at": "2025-05-31T10:28:52.959Z"}}, {"model": "api.like", "pk": 102, "fields": {"user": 11, "item": 44, "created_at": "2025-05-31T10:29:20.960Z"}}, {"model": "api.like", "pk": 105, "fields": {"user": 14, "item": 45, "created_at": "2025-06-02T11:24:05.239Z"}}, {"model": "api.like", "pk": 107, "fields": {"user": 15, "item": 51, "created_at": "2025-06-02T17:39:34.492Z"}}, {"model": "api.like", "pk": 114, "fields": {"user": 11, "item": 52, "created_at": "2025-06-03T14:51:05.755Z"}}, {"model": "api.like", "pk": 118, "fields": {"user": 11, "item": 41, "created_at": "2025-06-03T14:53:09.553Z"}}, {"model": "api.like", "pk": 121, "fields": {"user": 11, "item": 45, "created_at": "2025-06-03T14:57:38.058Z"}}, {"model": "api.like", "pk": 128, "fields": {"user": 6, "item": 51, "created_at": "2025-06-03T15:04:51.954Z"}}, {"model": "api.refund", "pk": 1, "fields": {"user": 6, "item": 43, "order": 21, "created_at": "2025-05-26T07:12:52.977Z", "body": "1", "applied": true}}, {"model": "api.refund", "pk": 2, "fields": {"user": 6, "item": 49, "order": 22, "created_at": "2025-05-26T07:14:04.559Z", "body": "1", "applied": true}}, {"model": "api.refund", "pk": 3, "fields": {"user": 6, "item": 49, "order": 85, "created_at": "2025-05-30T13:02:23.220Z", "body": "сломался после удара камнем мне не понравилось", "applied": true}}, {"model": "api.refund", "pk": 4, "fields": {"user": 11, "item": 48, "order": 91, "created_at": "2025-05-31T11:28:10.828Z", "body": "Сломались через неделю, кто же знал, что они не водонепроницаемые?", "applied": true}}, {"model": "api.commentmedia", "pk": 1, "fields": {"comment": 9, "source": "comments/Screenshot_12.png"}}, {"model": "api.commentmedia", "pk": 2, "fields": {"comment": 20, "source": "comments/razrushenie-i-padenie-derevyannoy-konstruktsii.mp3"}}, {"model": "api.commentmedia", "pk": 3, "fields": {"comment": 21, "source": "comments/Component_38.png"}}, {"model": "api.commentmedia", "pk": 4, "fields": {"comment": 21, "source": "comments/Component_35.png"}}, {"model": "api.commentmedia", "pk": 5, "fields": {"comment": 21, "source": "comments/Component_37.png"}}, {"model": "api.moneypayout", "pk": 47, "fields": {"user_to": 1, "user_from": 6, "amount": 12599.0, "state": "FREEZED", "good_item": 42, "order": 80, "created_at": "2025-05-26T07:59:27.394Z"}}, {"model": "api.moneypayout", "pk": 48, "fields": {"user_to": 1, "user_from": 6, "amount": 6393.2, "state": "FREEZED", "good_item": 49, "order": 81, "created_at": "2025-05-28T10:38:54.915Z"}}, {"model": "api.moneypayout", "pk": 49, "fields": {"user_to": 1, "user_from": 6, "amount": 14300.88, "state": "FREEZED", "good_item": 44, "order": 82, "created_at": "2025-05-28T10:43:27.196Z"}}, {"model": "api.moneypayout", "pk": 50, "fields": {"user_to": 1, "user_from": 6, "amount": 3056.2400000000002, "state": "FREEZED", "good_item": 48, "order": 82, "created_at": "2025-05-28T10:43:27.242Z"}}, {"model": "api.moneypayout", "pk": 51, "fields": {"user_to": 1, "user_from": 6, "amount": 11087.12, "state": "FREEZED", "good_item": 42, "order": 83, "created_at": "2025-05-28T10:45:13.570Z"}}, {"model": "api.moneypayout", "pk": 52, "fields": {"user_to": 1, "user_from": 6, "amount": 3056.2400000000002, "state": "FREEZED", "good_item": 48, "order": 83, "created_at": "2025-05-28T10:45:13.615Z"}}, {"model": "api.moneypayout", "pk": 53, "fields": {"user_to": 1, "user_from": 6, "amount": 2238.72, "state": "FREEZED", "good_item": 47, "order": 85, "created_at": "2025-05-30T12:43:33.891Z"}}, {"model": "api.moneypayout", "pk": 54, "fields": {"user_to": 1, "user_from": 6, "amount": 6393.2, "state": "FREEZED", "good_item": 49, "order": 85, "created_at": "2025-05-30T12:43:33.954Z"}}, {"model": "api.moneypayout", "pk": 55, "fields": {"user_to": 1, "user_from": 11, "amount": 10753.6, "state": "FREEZED", "good_item": 41, "order": 88, "created_at": "2025-05-31T11:05:09.192Z"}}, {"model": "api.moneypayout", "pk": 56, "fields": {"user_to": 1, "user_from": 11, "amount": 14300.88, "state": "FREEZED", "good_item": 44, "order": 88, "created_at": "2025-05-31T11:05:09.242Z"}}, {"model": "api.moneypayout", "pk": 57, "fields": {"user_to": 1, "user_from": 11, "amount": 3056.24, "state": "FREEZED", "good_item": 48, "order": 91, "created_at": "2025-05-31T11:21:44.747Z"}}, {"model": "api.moneypayout", "pk": 58, "fields": {"user_to": 12, "user_from": 13, "amount": 4830.32, "state": "FREEZED", "good_item": 52, "order": 92, "created_at": "2025-06-02T16:10:25.188Z"}}, {"model": "api.moneypayout", "pk": 59, "fields": {"user_to": 12, "user_from": 6, "amount": 14363.36, "state": "FREEZED", "good_item": 53, "order": 93, "created_at": "2025-06-02T18:16:17.743Z"}}, {"model": "api.moneypayout", "pk": 60, "fields": {"user_to": 12, "user_from": 11, "amount": 14363.36, "state": "FREEZED", "good_item": 53, "order": 94, "created_at": "2025-06-02T18:18:57.819Z"}}, {"model": "api.moneypayout", "pk": 61, "fields": {"user_to": 1, "user_from": 11, "amount": 7920.0, "state": "FREEZED", "good_item": 45, "order": 95, "created_at": "2025-06-03T08:45:01.783Z"}}, {"model": "api.moneypayout", "pk": 62, "fields": {"user_to": 12, "user_from": 11, "amount": 4830.32, "state": "FREEZED", "good_item": 52, "order": 96, "created_at": "2025-06-03T14:59:48.226Z"}}, {"model": "api.moneypayout", "pk": 63, "fields": {"user_to": 12, "user_from": 11, "amount": 4830.32, "state": "FREEZED", "good_item": 52, "order": 96, "created_at": "2025-06-03T14:59:58.243Z"}}, {"model": "api.moneypayout", "pk": 64, "fields": {"user_to": 12, "user_from": 11, "amount": 4830.32, "state": "FREEZED", "good_item": 52, "order": 96, "created_at": "2025-06-03T15:00:40.234Z"}}, {"model": "api.moneypayout", "pk": 65, "fields": {"user_to": 12, "user_from": 11, "amount": 4830.32, "state": "FREEZED", "good_item": 52, "order": 96, "created_at": "2025-06-03T15:02:04.286Z"}}, {"model": "api.moneypayout", "pk": 66, "fields": {"user_to": 12, "user_from": 11, "amount": 4830.32, "state": "FREEZED", "good_item": 52, "order": 96, "created_at": "2025-06-03T15:04:52.238Z"}}, {"model": "api.moneypayout", "pk": 67, "fields": {"user_to": 12, "user_from": 11, "amount": 4830.32, "state": "FREEZED", "good_item": 52, "order": 96, "created_at": "2025-06-03T15:16:04.307Z"}}, {"model": "api.moneypayout", "pk": 68, "fields": {"user_to": 12, "user_from": 11, "amount": 4830.32, "state": "FREEZED", "good_item": 52, "order": 96, "created_at": "2025-06-03T16:46:04.414Z"}}, {"model": "api.moneypayout", "pk": 69, "fields": {"user_to": 12, "user_from": 11, "amount": 4830.32, "state": "FREEZED", "good_item": 52, "order": 96, "created_at": "2025-06-03T19:46:04.361Z"}}, {"model": "api.moneypayout", "pk": 70, "fields": {"user_to": 1, "user_from": 11, "amount": 11087.12, "state": "FREEZED", "good_item": 42, "order": 97, "created_at": "2025-06-03T19:53:27.856Z"}}, {"model": "api.moneypayout", "pk": 71, "fields": {"user_to": 1, "user_from": 11, "amount": 11087.12, "state": "FREEZED", "good_item": 42, "order": 97, "created_at": "2025-06-03T19:53:37.879Z"}}, {"model": "api.moneypayout", "pk": 72, "fields": {"user_to": 1, "user_from": 11, "amount": 11087.12, "state": "FREEZED", "good_item": 42, "order": 97, "created_at": "2025-06-03T19:54:19.968Z"}}, {"model": "api.moneypayout", "pk": 73, "fields": {"user_to": 1, "user_from": 11, "amount": 11087.12, "state": "FREEZED", "good_item": 42, "order": 97, "created_at": "2025-06-03T19:55:43.956Z"}}, {"model": "api.moneypayout", "pk": 74, "fields": {"user_to": 1, "user_from": 11, "amount": 11087.12, "state": "FREEZED", "good_item": 42, "order": 97, "created_at": "2025-06-03T19:58:31.985Z"}}, {"model": "api.moneypayout", "pk": 75, "fields": {"user_to": 1, "user_from": 11, "amount": 11087.12, "state": "FREEZED", "good_item": 42, "order": 97, "created_at": "2025-06-03T20:09:44.031Z"}}, {"model": "api.document", "pk": 1, "fields": {"user": 1, "source": "documents/URFU2025-DATABASE.pdf", "created_at": "2025-05-28T09:22:38.491Z", "type": "OTHER"}}, {"model": "api.document", "pk": 4, "fields": {"user": 2, "source": "documents/URFU2025-DATABASE.pdf", "created_at": "2025-05-30T17:27:57.048Z", "type": "PLATFORM_RULES"}}]